File,LOC,SLOC-P,SLOC-L,MVG,BLOC,C&SLOC,CLOC,CWORD,HCLOC,HCWORD
C:\Users\soo\Desktop\eclipse-java-mars-2-win32-x86_64\BerkeleyDB-FH-Java_c.BerkeleyDB_P1\src\com\sleepycat\bind\ByteArrayBinding.java,41,23,17,3,10,0,8,31,0,0
C:\Users\soo\Desktop\eclipse-java-mars-2-win32-x86_64\BerkeleyDB-FH-Java_c.BerkeleyDB_P1\src\com\sleepycat\bind\EntityBinding.java,36,8,7,0,8,0,20,98,0,0
C:\Users\soo\Desktop\eclipse-java-mars-2-win32-x86_64\BerkeleyDB-FH-Java_c.BerkeleyDB_P1\src\com\sleepycat\bind\EntryBinding.java,27,7,6,0,6,0,14,66,0,0
C:\Users\soo\Desktop\eclipse-java-mars-2-win32-x86_64\BerkeleyDB-FH-Java_c.BerkeleyDB_P1\src\com\sleepycat\bind\RecordNumberBinding.java,57,21,15,2,12,0,24,117,0,0
C:\Users\soo\Desktop\eclipse-java-mars-2-win32-x86_64\BerkeleyDB-FH-Java_c.BerkeleyDB_P1\src\com\sleepycat\bind\serial\ClassCatalog.java,55,9,8,0,8,0,38,318,0,0
C:\Users\soo\Desktop\eclipse-java-mars-2-win32-x86_64\BerkeleyDB-FH-Java_c.BerkeleyDB_P1\src\com\sleepycat\bind\serial\SerialBase.java,84,24,17,4,12,0,48,351,0,0
C:\Users\soo\Desktop\eclipse-java-mars-2-win32-x86_64\BerkeleyDB-FH-Java_c.BerkeleyDB_P1\src\com\sleepycat\bind\serial\SerialBinding.java,150,57,44,5,16,0,77,543,0,0
C:\Users\soo\Desktop\eclipse-java-mars-2-win32-x86_64\BerkeleyDB-FH-Java_c.BerkeleyDB_P1\src\com\sleepycat\bind\serial\SerialInput.java,86,44,33,5,14,0,28,190,0,0
C:\Users\soo\Desktop\eclipse-java-mars-2-win32-x86_64\BerkeleyDB-FH-Java_c.BerkeleyDB_P1\src\com\sleepycat\bind\serial\SerialOutput.java,93,45,35,1,14,0,34,250,0,0
C:\Users\soo\Desktop\eclipse-java-mars-2-win32-x86_64\BerkeleyDB-FH-Java_c.BerkeleyDB_P1\src\com\sleepycat\bind\serial\SerialSerialBinding.java,94,29,23,1,22,0,43,229,0,0
C:\Users\soo\Desktop\eclipse-java-mars-2-win32-x86_64\BerkeleyDB-FH-Java_c.BerkeleyDB_P1\src\com\sleepycat\bind\serial\SerialSerialKeyCreator.java,124,47,37,7,20,0,57,388,0,0
C:\Users\soo\Desktop\eclipse-java-mars-2-win32-x86_64\BerkeleyDB-FH-Java_c.BerkeleyDB_P1\src\com\sleepycat\bind\serial\StoredClassCatalog.java,371,255,205,34,69,0,47,347,0,0
C:\Users\soo\Desktop\eclipse-java-mars-2-win32-x86_64\BerkeleyDB-FH-Java_c.BerkeleyDB_P1\src\com\sleepycat\bind\serial\TupleSerialBinding.java,93,31,25,1,20,0,42,242,0,0
C:\Users\soo\Desktop\eclipse-java-mars-2-win32-x86_64\BerkeleyDB-FH-Java_c.BerkeleyDB_P1\src\com\sleepycat\bind\serial\TupleSerialKeyCreator.java,119,46,36,7,16,0,57,407,0,0
C:\Users\soo\Desktop\eclipse-java-mars-2-win32-x86_64\BerkeleyDB-FH-Java_c.BerkeleyDB_P1\src\com\sleepycat\bind\serial\TupleSerialMarshalledBinding.java,68,27,20,3,12,0,29,191,0,0
C:\Users\soo\Desktop\eclipse-java-mars-2-win32-x86_64\BerkeleyDB-FH-Java_c.BerkeleyDB_P1\src\com\sleepycat\bind\serial\TupleSerialMarshalledKeyCreator.java,49,25,20,3,12,0,12,79,0,0
C:\Users\soo\Desktop\eclipse-java-mars-2-win32-x86_64\BerkeleyDB-FH-Java_c.BerkeleyDB_P1\src\com\sleepycat\bind\tuple\BooleanBinding.java,68,24,17,4,16,0,28,166,0,0
C:\Users\soo\Desktop\eclipse-java-mars-2-win32-x86_64\BerkeleyDB-FH-Java_c.BerkeleyDB_P1\src\com\sleepycat\bind\tuple\ByteBinding.java,68,24,17,4,16,0,28,166,0,0
C:\Users\soo\Desktop\eclipse-java-mars-2-win32-x86_64\BerkeleyDB-FH-Java_c.BerkeleyDB_P1\src\com\sleepycat\bind\tuple\CharacterBinding.java,68,24,17,4,16,0,28,166,0,0
C:\Users\soo\Desktop\eclipse-java-mars-2-win32-x86_64\BerkeleyDB-FH-Java_c.BerkeleyDB_P1\src\com\sleepycat\bind\tuple\DoubleBinding.java,68,24,17,4,16,0,28,166,0,0
C:\Users\soo\Desktop\eclipse-java-mars-2-win32-x86_64\BerkeleyDB-FH-Java_c.BerkeleyDB_P1\src\com\sleepycat\bind\tuple\FloatBinding.java,68,24,17,4,16,0,28,166,0,0
C:\Users\soo\Desktop\eclipse-java-mars-2-win32-x86_64\BerkeleyDB-FH-Java_c.BerkeleyDB_P1\src\com\sleepycat\bind\tuple\IntegerBinding.java,68,24,17,4,16,0,28,166,0,0
C:\Users\soo\Desktop\eclipse-java-mars-2-win32-x86_64\BerkeleyDB-FH-Java_c.BerkeleyDB_P1\src\com\sleepycat\bind\tuple\LongBinding.java,68,24,17,4,16,0,28,166,0,0
C:\Users\soo\Desktop\eclipse-java-mars-2-win32-x86_64\BerkeleyDB-FH-Java_c.BerkeleyDB_P1\src\com\sleepycat\bind\tuple\MarshalledTupleEntry.java,37,6,5,0,6,0,25,166,0,0
C:\Users\soo\Desktop\eclipse-java-mars-2-win32-x86_64\BerkeleyDB-FH-Java_c.BerkeleyDB_P1\src\com\sleepycat\bind\tuple\MarshalledTupleKeyEntity.java,67,8,7,0,10,0,49,333,0,0
C:\Users\soo\Desktop\eclipse-java-mars-2-win32-x86_64\BerkeleyDB-FH-Java_c.BerkeleyDB_P1\src\com\sleepycat\bind\tuple\ShortBinding.java,68,24,17,4,16,0,28,166,0,0
C:\Users\soo\Desktop\eclipse-java-mars-2-win32-x86_64\BerkeleyDB-FH-Java_c.BerkeleyDB_P1\src\com\sleepycat\bind\tuple\StringBinding.java,68,26,19,4,14,0,28,162,0,0
C:\Users\soo\Desktop\eclipse-java-mars-2-win32-x86_64\BerkeleyDB-FH-Java_c.BerkeleyDB_P1\src\com\sleepycat\bind\tuple\TupleBase.java,139,39,27,7,22,0,78,548,0,0
C:\Users\soo\Desktop\eclipse-java-mars-2-win32-x86_64\BerkeleyDB-FH-Java_c.BerkeleyDB_P1\src\com\sleepycat\bind\tuple\TupleBinding.java,113,39,32,2,20,0,54,310,0,0
C:\Users\soo\Desktop\eclipse-java-mars-2-win32-x86_64\BerkeleyDB-FH-Java_c.BerkeleyDB_P1\src\com\sleepycat\bind\tuple\TupleInput.java,382,136,100,29,46,0,200,1618,0,0
C:\Users\soo\Desktop\eclipse-java-mars-2-win32-x86_64\BerkeleyDB-FH-Java_c.BerkeleyDB_P1\src\com\sleepycat\bind\tuple\TupleInputBinding.java,33,14,10,1,8,0,11,82,0,0
C:\Users\soo\Desktop\eclipse-java-mars-2-win32-x86_64\BerkeleyDB-FH-Java_c.BerkeleyDB_P1\src\com\sleepycat\bind\tuple\TupleMarshalledBinding.java,56,29,21,2,10,0,17,121,0,0
C:\Users\soo\Desktop\eclipse-java-mars-2-win32-x86_64\BerkeleyDB-FH-Java_c.BerkeleyDB_P1\src\com\sleepycat\bind\tuple\TupleOutput.java,336,112,87,22,44,0,180,1388,0,0
C:\Users\soo\Desktop\eclipse-java-mars-2-win32-x86_64\BerkeleyDB-FH-Java_c.BerkeleyDB_P1\src\com\sleepycat\bind\tuple\TupleTupleBinding.java,75,24,19,1,16,0,35,192,0,0
C:\Users\soo\Desktop\eclipse-java-mars-2-win32-x86_64\BerkeleyDB-FH-Java_c.BerkeleyDB_P1\src\com\sleepycat\bind\tuple\TupleTupleKeyCreator.java,100,37,28,7,12,0,51,353,0,0
C:\Users\soo\Desktop\eclipse-java-mars-2-win32-x86_64\BerkeleyDB-FH-Java_c.BerkeleyDB_P1\src\com\sleepycat\bind\tuple\TupleTupleMarshalledBinding.java,75,43,31,5,12,0,20,139,0,0
C:\Users\soo\Desktop\eclipse-java-mars-2-win32-x86_64\BerkeleyDB-FH-Java_c.BerkeleyDB_P1\src\com\sleepycat\bind\tuple\TupleTupleMarshalledKeyCreator.java,54,24,18,4,12,0,18,132,0,0
C:\Users\soo\Desktop\eclipse-java-mars-2-win32-x86_64\BerkeleyDB-FH-Java_c.BerkeleyDB_P1\src\com\sleepycat\compat\DbCompat.java,309,188,133,28,116,0,5,34,0,0
C:\Users\soo\Desktop\eclipse-java-mars-2-win32-x86_64\BerkeleyDB-FH-Java_c.BerkeleyDB_P1\src\com\sleepycat\je\CheckpointConfig.java,63,21,15,2,18,0,24,114,0,0
C:\Users\soo\Desktop\eclipse-java-mars-2-win32-x86_64\BerkeleyDB-FH-Java_c.BerkeleyDB_P1\src\com\sleepycat\je\Cursor.java,1442,981,705,173,212,0,249,1329,0,0
C:\Users\soo\Desktop\eclipse-java-mars-2-win32-x86_64\BerkeleyDB-FH-Java_c.BerkeleyDB_P1\src\com\sleepycat\je\CursorConfig.java,129,42,30,5,32,0,55,259,0,0
C:\Users\soo\Desktop\eclipse-java-mars-2-win32-x86_64\BerkeleyDB-FH-Java_c.BerkeleyDB_P1\src\com\sleepycat\je\Database.java,860,565,418,75,186,0,109,558,0,0
C:\Users\soo\Desktop\eclipse-java-mars-2-win32-x86_64\BerkeleyDB-FH-Java_c.BerkeleyDB_P1\src\com\sleepycat\je\DatabaseConfig.java,349,154,109,26,86,0,109,521,0,0
C:\Users\soo\Desktop\eclipse-java-mars-2-win32-x86_64\BerkeleyDB-FH-Java_c.BerkeleyDB_P1\src\com\sleepycat\je\DatabaseEntry.java,266,120,87,27,56,0,90,485,0,0
C:\Users\soo\Desktop\eclipse-java-mars-2-win32-x86_64\BerkeleyDB-FH-Java_c.BerkeleyDB_P1\src\com\sleepycat\je\DatabaseException.java,30,16,11,0,10,0,4,19,0,0
C:\Users\soo\Desktop\eclipse-java-mars-2-win32-x86_64\BerkeleyDB-FH-Java_c.BerkeleyDB_P1\src\com\sleepycat\je\DatabaseNotFoundException.java,30,16,11,0,10,0,4,19,0,0
C:\Users\soo\Desktop\eclipse-java-mars-2-win32-x86_64\BerkeleyDB-FH-Java_c.BerkeleyDB_P1\src\com\sleepycat\je\DatabaseTrigger.java,56,8,7,0,9,0,39,270,0,0
C:\Users\soo\Desktop\eclipse-java-mars-2-win32-x86_64\BerkeleyDB-FH-Java_c.BerkeleyDB_P1\src\com\sleepycat\je\DatabaseUtil.java,49,24,15,5,9,0,16,74,0,0
C:\Users\soo\Desktop\eclipse-java-mars-2-win32-x86_64\BerkeleyDB-FH-Java_c.BerkeleyDB_P1\src\com\sleepycat\je\DbInternal.java,245,100,69,17,56,0,89,239,0,0
C:\Users\soo\Desktop\eclipse-java-mars-2-win32-x86_64\BerkeleyDB-FH-Java_c.BerkeleyDB_P1\src\com\sleepycat\je\DeadlockException.java,30,16,11,0,10,0,4,19,0,0
C:\Users\soo\Desktop\eclipse-java-mars-2-win32-x86_64\BerkeleyDB-FH-Java_c.BerkeleyDB_P1\src\com\sleepycat\je\Environment.java,599,422,323,51,78,0,99,456,0,0
C:\Users\soo\Desktop\eclipse-java-mars-2-win32-x86_64\BerkeleyDB-FH-Java_c.BerkeleyDB_P1\src\com\sleepycat\je\EnvironmentConfig.java,281,116,83,14,62,0,103,472,0,0
C:\Users\soo\Desktop\eclipse-java-mars-2-win32-x86_64\BerkeleyDB-FH-Java_c.BerkeleyDB_P1\src\com\sleepycat\je\EnvironmentMutableConfig.java,350,172,126,26,68,0,110,503,0,0
C:\Users\soo\Desktop\eclipse-java-mars-2-win32-x86_64\BerkeleyDB-FH-Java_c.BerkeleyDB_P1\src\com\sleepycat\je\ForeignKeyDeleteAction.java,44,14,11,1,14,0,16,76,0,0
C:\Users\soo\Desktop\eclipse-java-mars-2-win32-x86_64\BerkeleyDB-FH-Java_c.BerkeleyDB_P1\src\com\sleepycat\je\ForeignKeyNullifier.java,17,5,4,0,4,0,8,38,0,0
C:\Users\soo\Desktop\eclipse-java-mars-2-win32-x86_64\BerkeleyDB-FH-Java_c.BerkeleyDB_P1\src\com\sleepycat\je\ForeignKeyTrigger.java,32,19,13,1,13,0,0,0,0,0
C:\Users\soo\Desktop\eclipse-java-mars-2-win32-x86_64\BerkeleyDB-FH-Java_c.BerkeleyDB_P1\src\com\sleepycat\je\ForeignMultiKeyNullifier.java,17,5,4,0,4,0,8,38,0,0
C:\Users\soo\Desktop\eclipse-java-mars-2-win32-x86_64\BerkeleyDB-FH-Java_c.BerkeleyDB_P1\src\com\sleepycat\je\JEVersion.java,103,45,36,7,26,0,32,152,0,0
C:\Users\soo\Desktop\eclipse-java-mars-2-win32-x86_64\BerkeleyDB-FH-Java_c.BerkeleyDB_P1\src\com\sleepycat\je\JoinConfig.java,56,22,15,3,14,0,20,99,0,0
C:\Users\soo\Desktop\eclipse-java-mars-2-win32-x86_64\BerkeleyDB-FH-Java_c.BerkeleyDB_P1\src\com\sleepycat\je\JoinCursor.java,249,160,118,27,36,0,53,305,0,0
C:\Users\soo\Desktop\eclipse-java-mars-2-win32-x86_64\BerkeleyDB-FH-Java_c.BerkeleyDB_P1\src\com\sleepycat\je\LockMode.java,59,16,13,1,18,0,25,116,0,0
C:\Users\soo\Desktop\eclipse-java-mars-2-win32-x86_64\BerkeleyDB-FH-Java_c.BerkeleyDB_P1\src\com\sleepycat\je\LockNotGrantedException.java,30,16,11,0,10,0,4,19,0,0
C:\Users\soo\Desktop\eclipse-java-mars-2-win32-x86_64\BerkeleyDB-FH-Java_c.BerkeleyDB_P1\src\com\sleepycat\je\LockStats.java,11,5,4,0,2,0,4,19,0,0
C:\Users\soo\Desktop\eclipse-java-mars-2-win32-x86_64\BerkeleyDB-FH-Java_c.BerkeleyDB_P1\src\com\sleepycat\je\OperationStatus.java,51,15,12,1,16,0,20,95,0,0
C:\Users\soo\Desktop\eclipse-java-mars-2-win32-x86_64\BerkeleyDB-FH-Java_c.BerkeleyDB_P1\src\com\sleepycat\je\PreloadConfig.java,98,36,25,5,26,0,36,175,0,0
C:\Users\soo\Desktop\eclipse-java-mars-2-win32-x86_64\BerkeleyDB-FH-Java_c.BerkeleyDB_P1\src\com\sleepycat\je\PreloadStats.java,18,7,5,0,4,0,7,25,0,0
C:\Users\soo\Desktop\eclipse-java-mars-2-win32-x86_64\BerkeleyDB-FH-Java_c.BerkeleyDB_P1\src\com\sleepycat\je\PreloadStatus.java,33,15,12,1,14,0,4,19,0,0
C:\Users\soo\Desktop\eclipse-java-mars-2-win32-x86_64\BerkeleyDB-FH-Java_c.BerkeleyDB_P1\src\com\sleepycat\je\RunRecoveryException.java,60,38,27,4,18,0,4,19,0,0
C:\Users\soo\Desktop\eclipse-java-mars-2-win32-x86_64\BerkeleyDB-FH-Java_c.BerkeleyDB_P1\src\com\sleepycat\je\SecondaryConfig.java,243,111,81,19,60,0,72,342,0,0
C:\Users\soo\Desktop\eclipse-java-mars-2-win32-x86_64\BerkeleyDB-FH-Java_c.BerkeleyDB_P1\src\com\sleepycat\je\SecondaryCursor.java,616,319,231,66,118,0,179,896,0,0
C:\Users\soo\Desktop\eclipse-java-mars-2-win32-x86_64\BerkeleyDB-FH-Java_c.BerkeleyDB_P1\src\com\sleepycat\je\SecondaryDatabase.java,621,438,315,71,72,0,111,536,0,0
C:\Users\soo\Desktop\eclipse-java-mars-2-win32-x86_64\BerkeleyDB-FH-Java_c.BerkeleyDB_P1\src\com\sleepycat\je\SecondaryKeyCreator.java,17,5,4,0,4,0,8,38,0,0
C:\Users\soo\Desktop\eclipse-java-mars-2-win32-x86_64\BerkeleyDB-FH-Java_c.BerkeleyDB_P1\src\com\sleepycat\je\SecondaryMultiKeyCreator.java,18,6,5,0,4,0,8,38,0,0
C:\Users\soo\Desktop\eclipse-java-mars-2-win32-x86_64\BerkeleyDB-FH-Java_c.BerkeleyDB_P1\src\com\sleepycat\je\SecondaryTrigger.java,35,20,14,1,15,0,0,0,0,0
C:\Users\soo\Desktop\eclipse-java-mars-2-win32-x86_64\BerkeleyDB-FH-Java_c.BerkeleyDB_P1\src\com\sleepycat\je\Sequence.java,336,236,182,37,60,0,40,211,0,0
C:\Users\soo\Desktop\eclipse-java-mars-2-win32-x86_64\BerkeleyDB-FH-Java_c.BerkeleyDB_P1\src\com\sleepycat\je\SequenceConfig.java,202,68,49,9,58,0,76,361,0,0
C:\Users\soo\Desktop\eclipse-java-mars-2-win32-x86_64\BerkeleyDB-FH-Java_c.BerkeleyDB_P1\src\com\sleepycat\je\Transaction.java,201,100,75,15,46,0,55,253,0,0
C:\Users\soo\Desktop\eclipse-java-mars-2-win32-x86_64\BerkeleyDB-FH-Java_c.BerkeleyDB_P1\src\com\sleepycat\je\TransactionConfig.java,206,70,49,10,54,0,82,388,0,0
C:\Users\soo\Desktop\eclipse-java-mars-2-win32-x86_64\BerkeleyDB-FH-Java_c.BerkeleyDB_P1\src\com\sleepycat\je\XAEnvironment.java,329,243,171,50,32,0,54,257,0,0
C:\Users\soo\Desktop\eclipse-java-mars-2-win32-x86_64\BerkeleyDB-FH-Java_c.BerkeleyDB_P1\src\com\sleepycat\je\cleaner\Cleaner.java,920,606,463,76,183,0,131,968,0,0
C:\Users\soo\Desktop\eclipse-java-mars-2-win32-x86_64\BerkeleyDB-FH-Java_c.BerkeleyDB_P1\src\com\sleepycat\je\cleaner\FileProcessor.java,1021,630,494,65,282,0,109,930,0,0
C:\Users\soo\Desktop\eclipse-java-mars-2-win32-x86_64\BerkeleyDB-FH-Java_c.BerkeleyDB_P1\src\com\sleepycat\je\cleaner\FileSelector.java,292,162,123,26,59,0,71,422,0,0
C:\Users\soo\Desktop\eclipse-java-mars-2-win32-x86_64\BerkeleyDB-FH-Java_c.BerkeleyDB_P1\src\com\sleepycat\je\cleaner\FileSummary.java,234,135,112,18,50,0,49,165,0,0
C:\Users\soo\Desktop\eclipse-java-mars-2-win32-x86_64\BerkeleyDB-FH-Java_c.BerkeleyDB_P1\src\com\sleepycat\je\cleaner\LNInfo.java,55,29,23,4,20,0,6,47,0,0
C:\Users\soo\Desktop\eclipse-java-mars-2-win32-x86_64\BerkeleyDB-FH-Java_c.BerkeleyDB_P1\src\com\sleepycat\je\cleaner\OffsetList.java,199,105,77,24,43,0,51,326,0,0
C:\Users\soo\Desktop\eclipse-java-mars-2-win32-x86_64\BerkeleyDB-FH-Java_c.BerkeleyDB_P1\src\com\sleepycat\je\cleaner\PackedOffsets.java,226,132,99,23,44,0,50,190,0,0
C:\Users\soo\Desktop\eclipse-java-mars-2-win32-x86_64\BerkeleyDB-FH-Java_c.BerkeleyDB_P1\src\com\sleepycat\je\cleaner\TrackedFileSummary.java,191,94,65,14,53,0,44,265,0,0
C:\Users\soo\Desktop\eclipse-java-mars-2-win32-x86_64\BerkeleyDB-FH-Java_c.BerkeleyDB_P1\src\com\sleepycat\je\cleaner\UtilizationProfile.java,1151,779,593,134,208,0,164,1141,0,0
C:\Users\soo\Desktop\eclipse-java-mars-2-win32-x86_64\BerkeleyDB-FH-Java_c.BerkeleyDB_P1\src\com\sleepycat\je\cleaner\UtilizationTracker.java,284,127,96,22,46,0,111,681,0,0
C:\Users\soo\Desktop\eclipse-java-mars-2-win32-x86_64\BerkeleyDB-FH-Java_c.BerkeleyDB_P1\src\com\sleepycat\je\config\BooleanConfigParam.java,32,13,9,1,8,0,11,38,0,0
C:\Users\soo\Desktop\eclipse-java-mars-2-win32-x86_64\BerkeleyDB-FH-Java_c.BerkeleyDB_P1\src\com\sleepycat\je\config\ConfigParam.java,88,47,35,7,32,0,9,47,0,0
C:\Users\soo\Desktop\eclipse-java-mars-2-win32-x86_64\BerkeleyDB-FH-Java_c.BerkeleyDB_P1\src\com\sleepycat\je\config\EnvironmentParams.java,229,99,91,3,126,0,4,19,0,0
C:\Users\soo\Desktop\eclipse-java-mars-2-win32-x86_64\BerkeleyDB-FH-Java_c.BerkeleyDB_P1\src\com\sleepycat\je\config\IntConfigParam.java,66,47,32,9,16,0,3,11,0,0
C:\Users\soo\Desktop\eclipse-java-mars-2-win32-x86_64\BerkeleyDB-FH-Java_c.BerkeleyDB_P1\src\com\sleepycat\je\config\LongConfigParam.java,66,47,32,9,16,0,3,11,0,0
C:\Users\soo\Desktop\eclipse-java-mars-2-win32-x86_64\BerkeleyDB-FH-Java_c.BerkeleyDB_P1\src\com\sleepycat\je\config\ShortConfigParam.java,66,47,32,9,16,0,3,11,0,0
C:\Users\soo\Desktop\eclipse-java-mars-2-win32-x86_64\BerkeleyDB-FH-Java_c.BerkeleyDB_P1\src\com\sleepycat\je\dbi\CursorImpl.java,2401,1573,1161,229,535,0,293,1940,0,0
C:\Users\soo\Desktop\eclipse-java-mars-2-win32-x86_64\BerkeleyDB-FH-Java_c.BerkeleyDB_P1\src\com\sleepycat\je\dbi\DatabaseId.java,150,77,54,17,32,0,41,94,0,0
C:\Users\soo\Desktop\eclipse-java-mars-2-win32-x86_64\BerkeleyDB-FH-Java_c.BerkeleyDB_P1\src\com\sleepycat\je\dbi\DatabaseImpl.java,743,437,342,54,188,0,118,476,0,0
C:\Users\soo\Desktop\eclipse-java-mars-2-win32-x86_64\BerkeleyDB-FH-Java_c.BerkeleyDB_P1\src\com\sleepycat\je\dbi\DbConfigException.java,25,14,10,0,8,0,3,6,0,0
C:\Users\soo\Desktop\eclipse-java-mars-2-win32-x86_64\BerkeleyDB-FH-Java_c.BerkeleyDB_P1\src\com\sleepycat\je\dbi\DbConfigManager.java,121,65,48,9,20,0,36,172,0,0
C:\Users\soo\Desktop\eclipse-java-mars-2-win32-x86_64\BerkeleyDB-FH-Java_c.BerkeleyDB_P1\src\com\sleepycat\je\dbi\DbEnvPool.java,134,84,61,11,31,0,19,62,0,0
C:\Users\soo\Desktop\eclipse-java-mars-2-win32-x86_64\BerkeleyDB-FH-Java_c.BerkeleyDB_P1\src\com\sleepycat\je\dbi\DbEnvState.java,70,35,30,6,27,0,8,34,0,0
C:\Users\soo\Desktop\eclipse-java-mars-2-win32-x86_64\BerkeleyDB-FH-Java_c.BerkeleyDB_P1\src\com\sleepycat\je\dbi\DbTree.java,826,554,420,82,151,0,121,524,0,0
C:\Users\soo\Desktop\eclipse-java-mars-2-win32-x86_64\BerkeleyDB-FH-Java_c.BerkeleyDB_P1\src\com\sleepycat\je\dbi\EnvConfigObserver.java,17,6,5,0,4,0,7,26,0,0
C:\Users\soo\Desktop\eclipse-java-mars-2-win32-x86_64\BerkeleyDB-FH-Java_c.BerkeleyDB_P1\src\com\sleepycat\je\dbi\EnvironmentImpl.java,890,535,391,57,237,0,118,498,0,0
C:\Users\soo\Desktop\eclipse-java-mars-2-win32-x86_64\BerkeleyDB-FH-Java_c.BerkeleyDB_P1\src\com\sleepycat\je\dbi\GetMode.java,50,22,18,2,24,0,4,17,0,0
C:\Users\soo\Desktop\eclipse-java-mars-2-win32-x86_64\BerkeleyDB-FH-Java_c.BerkeleyDB_P1\src\com\sleepycat\je\dbi\INList.java,232,119,89,7,84,0,29,161,0,0
C:\Users\soo\Desktop\eclipse-java-mars-2-win32-x86_64\BerkeleyDB-FH-Java_c.BerkeleyDB_P1\src\com\sleepycat\je\dbi\MemoryBudget.java,230,131,101,13,82,0,17,102,0,0
C:\Users\soo\Desktop\eclipse-java-mars-2-win32-x86_64\BerkeleyDB-FH-Java_c.BerkeleyDB_P1\src\com\sleepycat\je\dbi\PreloadLSNTreeWalker.java,92,61,47,4,31,0,0,0,0,0
C:\Users\soo\Desktop\eclipse-java-mars-2-win32-x86_64\BerkeleyDB-FH-Java_c.BerkeleyDB_P1\src\com\sleepycat\je\dbi\PreloadProcessor.java,53,31,24,1,19,0,3,11,0,0
C:\Users\soo\Desktop\eclipse-java-mars-2-win32-x86_64\BerkeleyDB-FH-Java_c.BerkeleyDB_P1\src\com\sleepycat\je\dbi\PutMode.java,22,8,7,0,10,0,4,17,0,0
C:\Users\soo\Desktop\eclipse-java-mars-2-win32-x86_64\BerkeleyDB-FH-Java_c.BerkeleyDB_P1\src\com\sleepycat\je\dbi\RangeRestartException.java,18,8,6,0,4,0,6,48,0,0
C:\Users\soo\Desktop\eclipse-java-mars-2-win32-x86_64\BerkeleyDB-FH-Java_c.BerkeleyDB_P1\src\com\sleepycat\je\dbi\SortedLSNTreeWalker.java,336,213,162,28,94,0,29,266,0,0
C:\Users\soo\Desktop\eclipse-java-mars-2-win32-x86_64\BerkeleyDB-FH-Java_c.BerkeleyDB_P1\src\com\sleepycat\je\log\CheckpointFileReader.java,86,45,35,6,20,0,21,85,0,0
C:\Users\soo\Desktop\eclipse-java-mars-2-win32-x86_64\BerkeleyDB-FH-Java_c.BerkeleyDB_P1\src\com\sleepycat\je\log\CleanerFileReader.java,201,108,87,15,49,0,44,200,0,0
C:\Users\soo\Desktop\eclipse-java-mars-2-win32-x86_64\BerkeleyDB-FH-Java_c.BerkeleyDB_P1\src\com\sleepycat\je\log\DbChecksumException.java,21,12,9,0,6,0,3,6,0,0
C:\Users\soo\Desktop\eclipse-java-mars-2-win32-x86_64\BerkeleyDB-FH-Java_c.BerkeleyDB_P1\src\com\sleepycat\je\log\DumpFileReader.java,68,44,34,7,14,0,10,41,0,0
C:\Users\soo\Desktop\eclipse-java-mars-2-win32-x86_64\BerkeleyDB-FH-Java_c.BerkeleyDB_P1\src\com\sleepycat\je\log\FileHandle.java,52,29,22,3,17,0,6,24,0,0
C:\Users\soo\Desktop\eclipse-java-mars-2-win32-x86_64\BerkeleyDB-FH-Java_c.BerkeleyDB_P1\src\com\sleepycat\je\log\FileHandleSource.java,23,10,8,0,7,0,6,32,0,0
C:\Users\soo\Desktop\eclipse-java-mars-2-win32-x86_64\BerkeleyDB-FH-Java_c.BerkeleyDB_P1\src\com\sleepycat\je\log\FileHeader.java,184,84,65,12,44,0,56,194,0,0
C:\Users\soo\Desktop\eclipse-java-mars-2-win32-x86_64\BerkeleyDB-FH-Java_c.BerkeleyDB_P1\src\com\sleepycat\je\log\FileManager.java,1307,755,575,91,301,0,251,1948,0,0
C:\Users\soo\Desktop\eclipse-java-mars-2-win32-x86_64\BerkeleyDB-FH-Java_c.BerkeleyDB_P1\src\com\sleepycat\je\log\FileReader.java,584,387,291,49,126,0,71,469,0,0
C:\Users\soo\Desktop\eclipse-java-mars-2-win32-x86_64\BerkeleyDB-FH-Java_c.BerkeleyDB_P1\src\com\sleepycat\je\log\FileSource.java,68,34,29,2,17,0,17,57,0,0
C:\Users\soo\Desktop\eclipse-java-mars-2-win32-x86_64\BerkeleyDB-FH-Java_c.BerkeleyDB_P1\src\com\sleepycat\je\log\INFileReader.java,419,261,206,49,84,0,74,430,0,0
C:\Users\soo\Desktop\eclipse-java-mars-2-win32-x86_64\BerkeleyDB-FH-Java_c.BerkeleyDB_P1\src\com\sleepycat\je\log\JEFileFilter.java,69,49,36,8,11,0,9,33,0,0
C:\Users\soo\Desktop\eclipse-java-mars-2-win32-x86_64\BerkeleyDB-FH-Java_c.BerkeleyDB_P1\src\com\sleepycat\je\log\LastFileReader.java,216,134,104,15,42,0,40,257,0,0
C:\Users\soo\Desktop\eclipse-java-mars-2-win32-x86_64\BerkeleyDB-FH-Java_c.BerkeleyDB_P1\src\com\sleepycat\je\log\LNFileReader.java,195,86,64,18,44,0,65,373,0,0
C:\Users\soo\Desktop\eclipse-java-mars-2-win32-x86_64\BerkeleyDB-FH-Java_c.BerkeleyDB_P1\src\com\sleepycat\je\log\LogBuffer.java,171,95,69,14,47,0,29,128,0,0
C:\Users\soo\Desktop\eclipse-java-mars-2-win32-x86_64\BerkeleyDB-FH-Java_c.BerkeleyDB_P1\src\com\sleepycat\je\log\LogBufferPool.java,241,153,117,18,53,0,35,233,0,0
C:\Users\soo\Desktop\eclipse-java-mars-2-win32-x86_64\BerkeleyDB-FH-Java_c.BerkeleyDB_P1\src\com\sleepycat\je\log\LogEntryType.java,297,130,105,24,114,0,53,267,0,0
C:\Users\soo\Desktop\eclipse-java-mars-2-win32-x86_64\BerkeleyDB-FH-Java_c.BerkeleyDB_P1\src\com\sleepycat\je\log\LogException.java,20,11,8,0,6,0,3,6,0,0
C:\Users\soo\Desktop\eclipse-java-mars-2-win32-x86_64\BerkeleyDB-FH-Java_c.BerkeleyDB_P1\src\com\sleepycat\je\log\LogFileNotFoundException.java,14,7,5,0,4,0,3,7,0,0
C:\Users\soo\Desktop\eclipse-java-mars-2-win32-x86_64\BerkeleyDB-FH-Java_c.BerkeleyDB_P1\src\com\sleepycat\je\log\LoggableObject.java,39,9,8,0,10,0,20,101,0,0
C:\Users\soo\Desktop\eclipse-java-mars-2-win32-x86_64\BerkeleyDB-FH-Java_c.BerkeleyDB_P1\src\com\sleepycat\je\log\LogManager.java,586,345,267,43,147,0,94,557,0,0
C:\Users\soo\Desktop\eclipse-java-mars-2-win32-x86_64\BerkeleyDB-FH-Java_c.BerkeleyDB_P1\src\com\sleepycat\je\log\LogReadable.java,41,9,8,0,10,0,22,112,0,0
C:\Users\soo\Desktop\eclipse-java-mars-2-win32-x86_64\BerkeleyDB-FH-Java_c.BerkeleyDB_P1\src\com\sleepycat\je\log\LogResult.java,24,13,10,0,11,0,0,0,0,0
C:\Users\soo\Desktop\eclipse-java-mars-2-win32-x86_64\BerkeleyDB-FH-Java_c.BerkeleyDB_P1\src\com\sleepycat\je\log\LogSource.java,36,10,9,0,9,0,17,81,0,0
C:\Users\soo\Desktop\eclipse-java-mars-2-win32-x86_64\BerkeleyDB-FH-Java_c.BerkeleyDB_P1\src\com\sleepycat\je\log\LogUtils.java,464,287,224,52,95,0,82,354,0,0
C:\Users\soo\Desktop\eclipse-java-mars-2-win32-x86_64\BerkeleyDB-FH-Java_c.BerkeleyDB_P1\src\com\sleepycat\je\log\LogWritable.java,24,7,6,0,6,0,11,46,0,0
C:\Users\soo\Desktop\eclipse-java-mars-2-win32-x86_64\BerkeleyDB-FH-Java_c.BerkeleyDB_P1\src\com\sleepycat\je\log\PrintFileReader.java,63,48,38,7,6,0,9,33,0,0
C:\Users\soo\Desktop\eclipse-java-mars-2-win32-x86_64\BerkeleyDB-FH-Java_c.BerkeleyDB_P1\src\com\sleepycat\je\log\ScavengerFileReader.java,134,87,68,13,24,0,23,153,0,0
C:\Users\soo\Desktop\eclipse-java-mars-2-win32-x86_64\BerkeleyDB-FH-Java_c.BerkeleyDB_P1\src\com\sleepycat\je\log\SearchFileReader.java,56,27,22,3,14,0,15,56,0,0
C:\Users\soo\Desktop\eclipse-java-mars-2-win32-x86_64\BerkeleyDB-FH-Java_c.BerkeleyDB_P1\src\com\sleepycat\je\log\StatsFileReader.java,353,273,219,32,69,0,11,56,0,0
C:\Users\soo\Desktop\eclipse-java-mars-2-win32-x86_64\BerkeleyDB-FH-Java_c.BerkeleyDB_P1\src\com\sleepycat\je\log\SyncedLogManager.java,111,66,47,2,26,0,19,46,0,0
C:\Users\soo\Desktop\eclipse-java-mars-2-win32-x86_64\BerkeleyDB-FH-Java_c.BerkeleyDB_P1\src\com\sleepycat\je\log\entry\BINDeltaLogEntry.java,44,24,19,3,10,0,10,40,0,0
C:\Users\soo\Desktop\eclipse-java-mars-2-win32-x86_64\BerkeleyDB-FH-Java_c.BerkeleyDB_P1\src\com\sleepycat\je\log\entry\DeletedDupLNLogEntry.java,92,44,34,4,18,0,30,126,0,0
C:\Users\soo\Desktop\eclipse-java-mars-2-win32-x86_64\BerkeleyDB-FH-Java_c.BerkeleyDB_P1\src\com\sleepycat\je\log\entry\INContainingEntry.java,31,11,10,0,8,0,12,46,0,0
C:\Users\soo\Desktop\eclipse-java-mars-2-win32-x86_64\BerkeleyDB-FH-Java_c.BerkeleyDB_P1\src\com\sleepycat\je\log\entry\INLogEntry.java,233,125,93,18,50,0,58,211,0,0
C:\Users\soo\Desktop\eclipse-java-mars-2-win32-x86_64\BerkeleyDB-FH-Java_c.BerkeleyDB_P1\src\com\sleepycat\je\log\entry\LNLogEntry.java,310,185,140,35,70,0,55,168,0,0
C:\Users\soo\Desktop\eclipse-java-mars-2-win32-x86_64\BerkeleyDB-FH-Java_c.BerkeleyDB_P1\src\com\sleepycat\je\log\entry\LogEntry.java,49,12,11,0,14,0,23,97,0,0
C:\Users\soo\Desktop\eclipse-java-mars-2-win32-x86_64\BerkeleyDB-FH-Java_c.BerkeleyDB_P1\src\com\sleepycat\je\log\entry\NodeLogEntry.java,18,5,4,0,4,0,9,62,0,0
C:\Users\soo\Desktop\eclipse-java-mars-2-win32-x86_64\BerkeleyDB-FH-Java_c.BerkeleyDB_P1\src\com\sleepycat\je\log\entry\SingleItemLogEntry.java,97,51,36,6,22,0,24,51,0,0
C:\Users\soo\Desktop\eclipse-java-mars-2-win32-x86_64\BerkeleyDB-FH-Java_c.BerkeleyDB_P1\src\com\sleepycat\je\recovery\CheckpointEnd.java,262,166,134,22,62,0,34,72,0,0
C:\Users\soo\Desktop\eclipse-java-mars-2-win32-x86_64\BerkeleyDB-FH-Java_c.BerkeleyDB_P1\src\com\sleepycat\je\recovery\Checkpointer.java,841,518,393,57,255,0,68,456,0,0
C:\Users\soo\Desktop\eclipse-java-mars-2-win32-x86_64\BerkeleyDB-FH-Java_c.BerkeleyDB_P1\src\com\sleepycat\je\recovery\CheckpointStart.java,130,64,49,7,32,0,34,73,0,0
C:\Users\soo\Desktop\eclipse-java-mars-2-win32-x86_64\BerkeleyDB-FH-Java_c.BerkeleyDB_P1\src\com\sleepycat\je\recovery\RecoveryException.java,21,12,9,0,6,0,3,6,0,0
C:\Users\soo\Desktop\eclipse-java-mars-2-win32-x86_64\BerkeleyDB-FH-Java_c.BerkeleyDB_P1\src\com\sleepycat\je\recovery\RecoveryInfo.java,103,54,50,2,46,0,3,9,0,0
C:\Users\soo\Desktop\eclipse-java-mars-2-win32-x86_64\BerkeleyDB-FH-Java_c.BerkeleyDB_P1\src\com\sleepycat\je\recovery\RecoveryManager.java,1406,993,761,118,241,0,172,1177,0,0
C:\Users\soo\Desktop\eclipse-java-mars-2-win32-x86_64\BerkeleyDB-FH-Java_c.BerkeleyDB_P1\src\com\sleepycat\je\recovery\RootFlusher.java,74,46,37,7,23,0,5,10,2,2
C:\Users\soo\Desktop\eclipse-java-mars-2-win32-x86_64\BerkeleyDB-FH-Java_c.BerkeleyDB_P1\src\com\sleepycat\je\recovery\RootUpdater.java,82,51,40,7,29,0,2,2,2,2
C:\Users\soo\Desktop\eclipse-java-mars-2-win32-x86_64\BerkeleyDB-FH-Java_c.BerkeleyDB_P1\src\com\sleepycat\je\tree\BIN.java,667,415,300,72,112,0,140,916,0,0
C:\Users\soo\Desktop\eclipse-java-mars-2-win32-x86_64\BerkeleyDB-FH-Java_c.BerkeleyDB_P1\src\com\sleepycat\je\tree\BINBoundary.java,21,6,5,0,6,0,9,28,0,0
C:\Users\soo\Desktop\eclipse-java-mars-2-win32-x86_64\BerkeleyDB-FH-Java_c.BerkeleyDB_P1\src\com\sleepycat\je\tree\BINDelta.java,216,135,104,20,46,0,35,129,0,0
C:\Users\soo\Desktop\eclipse-java-mars-2-win32-x86_64\BerkeleyDB-FH-Java_c.BerkeleyDB_P1\src\com\sleepycat\je\tree\BINReference.java,125,80,56,21,38,0,7,31,0,0
C:\Users\soo\Desktop\eclipse-java-mars-2-win32-x86_64\BerkeleyDB-FH-Java_c.BerkeleyDB_P1\src\com\sleepycat\je\tree\ChildReference.java,345,180,136,22,76,0,89,441,0,0
C:\Users\soo\Desktop\eclipse-java-mars-2-win32-x86_64\BerkeleyDB-FH-Java_c.BerkeleyDB_P1\src\com\sleepycat\je\tree\CursorsExistException.java,17,7,5,0,6,0,4,21,0,0
C:\Users\soo\Desktop\eclipse-java-mars-2-win32-x86_64\BerkeleyDB-FH-Java_c.BerkeleyDB_P1\src\com\sleepycat\je\tree\DBIN.java,274,142,107,27,70,0,62,253,0,0
C:\Users\soo\Desktop\eclipse-java-mars-2-win32-x86_64\BerkeleyDB-FH-Java_c.BerkeleyDB_P1\src\com\sleepycat\je\tree\DBINReference.java,35,19,14,3,12,0,4,25,0,0
C:\Users\soo\Desktop\eclipse-java-mars-2-win32-x86_64\BerkeleyDB-FH-Java_c.BerkeleyDB_P1\src\com\sleepycat\je\tree\DeltaInfo.java,114,57,44,7,32,0,25,84,0,0
C:\Users\soo\Desktop\eclipse-java-mars-2-win32-x86_64\BerkeleyDB-FH-Java_c.BerkeleyDB_P1\src\com\sleepycat\je\tree\DIN.java,414,227,172,34,106,0,81,312,0,0
C:\Users\soo\Desktop\eclipse-java-mars-2-win32-x86_64\BerkeleyDB-FH-Java_c.BerkeleyDB_P1\src\com\sleepycat\je\tree\DupCountLN.java,164,88,67,14,44,0,32,102,0,0
C:\Users\soo\Desktop\eclipse-java-mars-2-win32-x86_64\BerkeleyDB-FH-Java_c.BerkeleyDB_P1\src\com\sleepycat\je\tree\DuplicateEntryException.java,20,11,8,0,6,0,3,15,0,0
C:\Users\soo\Desktop\eclipse-java-mars-2-win32-x86_64\BerkeleyDB-FH-Java_c.BerkeleyDB_P1\src\com\sleepycat\je\tree\FileSummaryLN.java,367,171,128,33,64,0,132,1020,0,0
C:\Users\soo\Desktop\eclipse-java-mars-2-win32-x86_64\BerkeleyDB-FH-Java_c.BerkeleyDB_P1\src\com\sleepycat\je\tree\Generation.java,14,8,6,1,6,0,0,0,0,0
C:\Users\soo\Desktop\eclipse-java-mars-2-win32-x86_64\BerkeleyDB-FH-Java_c.BerkeleyDB_P1\src\com\sleepycat\je\tree\IN.java,2814,1683,1276,225,722,0,409,2345,0,0
C:\Users\soo\Desktop\eclipse-java-mars-2-win32-x86_64\BerkeleyDB-FH-Java_c.BerkeleyDB_P1\src\com\sleepycat\je\tree\InconsistentNodeException.java,20,11,8,0,6,0,3,15,0,0
C:\Users\soo\Desktop\eclipse-java-mars-2-win32-x86_64\BerkeleyDB-FH-Java_c.BerkeleyDB_P1\src\com\sleepycat\je\tree\INDeleteInfo.java,147,69,53,9,38,0,40,95,0,0
C:\Users\soo\Desktop\eclipse-java-mars-2-win32-x86_64\BerkeleyDB-FH-Java_c.BerkeleyDB_P1\src\com\sleepycat\je\tree\INDupDeleteInfo.java,159,77,60,10,42,0,40,96,0,0
C:\Users\soo\Desktop\eclipse-java-mars-2-win32-x86_64\BerkeleyDB-FH-Java_c.BerkeleyDB_P1\src\com\sleepycat\je\tree\Key.java,168,103,74,22,30,0,35,184,0,0
C:\Users\soo\Desktop\eclipse-java-mars-2-win32-x86_64\BerkeleyDB-FH-Java_c.BerkeleyDB_P1\src\com\sleepycat\je\tree\LN.java,410,248,192,35,74,0,88,385,0,0
C:\Users\soo\Desktop\eclipse-java-mars-2-win32-x86_64\BerkeleyDB-FH-Java_c.BerkeleyDB_P1\src\com\sleepycat\je\tree\MapLN.java,154,78,61,9,42,0,34,145,0,0
C:\Users\soo\Desktop\eclipse-java-mars-2-win32-x86_64\BerkeleyDB-FH-Java_c.BerkeleyDB_P1\src\com\sleepycat\je\tree\NameLN.java,151,79,62,9,42,0,30,121,0,0
C:\Users\soo\Desktop\eclipse-java-mars-2-win32-x86_64\BerkeleyDB-FH-Java_c.BerkeleyDB_P1\src\com\sleepycat\je\tree\Node.java,272,117,85,19,76,0,79,315,0,0
C:\Users\soo\Desktop\eclipse-java-mars-2-win32-x86_64\BerkeleyDB-FH-Java_c.BerkeleyDB_P1\src\com\sleepycat\je\tree\NodeNotEmptyException.java,17,7,5,0,6,0,4,20,0,0
C:\Users\soo\Desktop\eclipse-java-mars-2-win32-x86_64\BerkeleyDB-FH-Java_c.BerkeleyDB_P1\src\com\sleepycat\je\tree\SearchResult.java,38,19,16,1,16,0,3,10,0,0
C:\Users\soo\Desktop\eclipse-java-mars-2-win32-x86_64\BerkeleyDB-FH-Java_c.BerkeleyDB_P1\src\com\sleepycat\je\tree\SplitRequiredException.java,19,6,4,0,5,0,8,48,0,0
C:\Users\soo\Desktop\eclipse-java-mars-2-win32-x86_64\BerkeleyDB-FH-Java_c.BerkeleyDB_P1\src\com\sleepycat\je\tree\TrackingInfo.java,27,14,11,1,10,0,3,10,0,0
C:\Users\soo\Desktop\eclipse-java-mars-2-win32-x86_64\BerkeleyDB-FH-Java_c.BerkeleyDB_P1\src\com\sleepycat\je\tree\Tree.java,2596,1719,1273,228,467,0,410,3313,0,0
C:\Users\soo\Desktop\eclipse-java-mars-2-win32-x86_64\BerkeleyDB-FH-Java_c.BerkeleyDB_P1\src\com\sleepycat\je\tree\TreeIterator.java,100,68,48,5,28,0,4,16,0,0
C:\Users\soo\Desktop\eclipse-java-mars-2-win32-x86_64\BerkeleyDB-FH-Java_c.BerkeleyDB_P1\src\com\sleepycat\je\tree\TreeLocation.java,46,32,27,2,14,0,0,0,0,0
C:\Users\soo\Desktop\eclipse-java-mars-2-win32-x86_64\BerkeleyDB-FH-Java_c.BerkeleyDB_P1\src\com\sleepycat\je\tree\TreeStats.java,15,5,4,0,4,0,6,23,0,0
C:\Users\soo\Desktop\eclipse-java-mars-2-win32-x86_64\BerkeleyDB-FH-Java_c.BerkeleyDB_P1\src\com\sleepycat\je\tree\TreeUtils.java,40,26,18,5,8,0,6,12,0,0
C:\Users\soo\Desktop\eclipse-java-mars-2-win32-x86_64\BerkeleyDB-FH-Java_c.BerkeleyDB_P1\src\com\sleepycat\je\tree\TreeWalkerStatsAccumulator.java,30,11,10,0,16,0,3,11,0,0
C:\Users\soo\Desktop\eclipse-java-mars-2-win32-x86_64\BerkeleyDB-FH-Java_c.BerkeleyDB_P1\src\com\sleepycat\je\tree\WithRootLatched.java,13,6,5,0,4,0,3,13,0,0
C:\Users\soo\Desktop\eclipse-java-mars-2-win32-x86_64\BerkeleyDB-FH-Java_c.BerkeleyDB_P1\src\com\sleepycat\je\txn\AutoTxn.java,54,30,21,3,10,0,14,76,0,0
C:\Users\soo\Desktop\eclipse-java-mars-2-win32-x86_64\BerkeleyDB-FH-Java_c.BerkeleyDB_P1\src\com\sleepycat\je\txn\BasicLocker.java,257,128,89,24,52,0,77,292,0,0
C:\Users\soo\Desktop\eclipse-java-mars-2-win32-x86_64\BerkeleyDB-FH-Java_c.BerkeleyDB_P1\src\com\sleepycat\je\txn\BuddyLocker.java,84,32,23,6,16,0,36,275,0,0
C:\Users\soo\Desktop\eclipse-java-mars-2-win32-x86_64\BerkeleyDB-FH-Java_c.BerkeleyDB_P1\src\com\sleepycat\je\txn\DummyLockManager.java,128,51,35,10,32,0,45,80,0,0
C:\Users\soo\Desktop\eclipse-java-mars-2-win32-x86_64\BerkeleyDB-FH-Java_c.BerkeleyDB_P1\src\com\sleepycat\je\txn\Lock.java,858,649,454,169,88,0,121,736,0,0
C:\Users\soo\Desktop\eclipse-java-mars-2-win32-x86_64\BerkeleyDB-FH-Java_c.BerkeleyDB_P1\src\com\sleepycat\je\txn\LockConflict.java,66,19,15,2,19,0,28,208,0,0
C:\Users\soo\Desktop\eclipse-java-mars-2-win32-x86_64\BerkeleyDB-FH-Java_c.BerkeleyDB_P1\src\com\sleepycat\je\txn\Locker.java,533,208,162,29,124,0,201,1160,0,0
C:\Users\soo\Desktop\eclipse-java-mars-2-win32-x86_64\BerkeleyDB-FH-Java_c.BerkeleyDB_P1\src\com\sleepycat\je\txn\LockerFactory.java,141,103,72,30,12,0,26,154,0,0
C:\Users\soo\Desktop\eclipse-java-mars-2-win32-x86_64\BerkeleyDB-FH-Java_c.BerkeleyDB_P1\src\com\sleepycat\je\txn\LockGrantType.java,46,19,16,1,24,0,3,15,0,0
C:\Users\soo\Desktop\eclipse-java-mars-2-win32-x86_64\BerkeleyDB-FH-Java_c.BerkeleyDB_P1\src\com\sleepycat\je\txn\LockInfo.java,122,61,46,8,33,0,28,100,0,0
C:\Users\soo\Desktop\eclipse-java-mars-2-win32-x86_64\BerkeleyDB-FH-Java_c.BerkeleyDB_P1\src\com\sleepycat\je\txn\LockManager.java,735,441,339,78,133,0,161,997,0,0
C:\Users\soo\Desktop\eclipse-java-mars-2-win32-x86_64\BerkeleyDB-FH-Java_c.BerkeleyDB_P1\src\com\sleepycat\je\txn\LockResult.java,64,38,28,4,22,0,4,25,0,0
C:\Users\soo\Desktop\eclipse-java-mars-2-win32-x86_64\BerkeleyDB-FH-Java_c.BerkeleyDB_P1\src\com\sleepycat\je\txn\LockType.java,147,46,49,5,44,0,57,316,0,0
C:\Users\soo\Desktop\eclipse-java-mars-2-win32-x86_64\BerkeleyDB-FH-Java_c.BerkeleyDB_P1\src\com\sleepycat\je\txn\LockUpgrade.java,92,27,22,3,29,0,36,285,0,0
C:\Users\soo\Desktop\eclipse-java-mars-2-win32-x86_64\BerkeleyDB-FH-Java_c.BerkeleyDB_P1\src\com\sleepycat\je\txn\ReadCommittedLocker.java,123,51,36,10,24,0,48,231,0,0
C:\Users\soo\Desktop\eclipse-java-mars-2-win32-x86_64\BerkeleyDB-FH-Java_c.BerkeleyDB_P1\src\com\sleepycat\je\txn\SyncedLockManager.java,282,176,124,12,60,0,46,84,0,0
C:\Users\soo\Desktop\eclipse-java-mars-2-win32-x86_64\BerkeleyDB-FH-Java_c.BerkeleyDB_P1\src\com\sleepycat\je\txn\ThreadLocker.java,59,29,20,6,10,0,20,111,0,0
C:\Users\soo\Desktop\eclipse-java-mars-2-win32-x86_64\BerkeleyDB-FH-Java_c.BerkeleyDB_P1\src\com\sleepycat\je\txn\Txn.java,1099,675,497,83,243,0,181,917,0,0
C:\Users\soo\Desktop\eclipse-java-mars-2-win32-x86_64\BerkeleyDB-FH-Java_c.BerkeleyDB_P1\src\com\sleepycat\je\txn\TxnAbort.java,35,16,11,2,10,0,9,27,0,0
C:\Users\soo\Desktop\eclipse-java-mars-2-win32-x86_64\BerkeleyDB-FH-Java_c.BerkeleyDB_P1\src\com\sleepycat\je\txn\TxnCommit.java,35,16,11,2,10,0,9,27,0,0
C:\Users\soo\Desktop\eclipse-java-mars-2-win32-x86_64\BerkeleyDB-FH-Java_c.BerkeleyDB_P1\src\com\sleepycat\je\txn\TxnEnd.java,139,65,51,7,38,0,36,79,0,0
C:\Users\soo\Desktop\eclipse-java-mars-2-win32-x86_64\BerkeleyDB-FH-Java_c.BerkeleyDB_P1\src\com\sleepycat\je\txn\TxnManager.java,280,151,112,20,74,0,55,219,0,0
C:\Users\soo\Desktop\eclipse-java-mars-2-win32-x86_64\BerkeleyDB-FH-Java_c.BerkeleyDB_P1\src\com\sleepycat\je\txn\TxnPrepare.java,91,48,38,4,22,0,21,44,0,0
C:\Users\soo\Desktop\eclipse-java-mars-2-win32-x86_64\BerkeleyDB-FH-Java_c.BerkeleyDB_P1\src\com\sleepycat\je\txn\WriteLockInfo.java,53,31,26,2,22,0,0,0,0,0
C:\Users\soo\Desktop\eclipse-java-mars-2-win32-x86_64\BerkeleyDB-FH-Java_c.BerkeleyDB_P1\src\com\sleepycat\je\util\DbDump.java,272,222,172,18,50,0,0,0,0,0
C:\Users\soo\Desktop\eclipse-java-mars-2-win32-x86_64\BerkeleyDB-FH-Java_c.BerkeleyDB_P1\src\com\sleepycat\je\util\DbLoad.java,458,384,287,49,70,0,4,21,0,0
C:\Users\soo\Desktop\eclipse-java-mars-2-win32-x86_64\BerkeleyDB-FH-Java_c.BerkeleyDB_P1\src\com\sleepycat\je\util\DbPrintLog.java,133,115,95,5,8,0,10,34,0,0
C:\Users\soo\Desktop\eclipse-java-mars-2-win32-x86_64\BerkeleyDB-FH-Java_c.BerkeleyDB_P1\src\com\sleepycat\je\util\DbRecover.java,69,59,48,3,6,0,4,28,0,0
C:\Users\soo\Desktop\eclipse-java-mars-2-win32-x86_64\BerkeleyDB-FH-Java_c.BerkeleyDB_P1\src\com\sleepycat\je\util\DbRunAction.java,287,200,159,13,83,0,4,20,0,0
C:\Users\soo\Desktop\eclipse-java-mars-2-win32-x86_64\BerkeleyDB-FH-Java_c.BerkeleyDB_P1\src\com\sleepycat\je\util\DbSpace.java,240,187,144,18,53,0,0,0,0,0
C:\Users\soo\Desktop\eclipse-java-mars-2-win32-x86_64\BerkeleyDB-FH-Java_c.BerkeleyDB_P1\src\com\sleepycat\je\utilint\Adler32.java,108,45,35,6,18,0,45,278,0,0
C:\Users\soo\Desktop\eclipse-java-mars-2-win32-x86_64\BerkeleyDB-FH-Java_c.BerkeleyDB_P1\src\com\sleepycat\je\utilint\BitMap.java,94,62,47,13,22,0,10,80,0,0
C:\Users\soo\Desktop\eclipse-java-mars-2-win32-x86_64\BerkeleyDB-FH-Java_c.BerkeleyDB_P1\src\com\sleepycat\je\utilint\CmdUtil.java,116,78,56,14,22,0,16,94,0,0
C:\Users\soo\Desktop\eclipse-java-mars-2-win32-x86_64\BerkeleyDB-FH-Java_c.BerkeleyDB_P1\src\com\sleepycat\je\utilint\DaemonRunner.java,22,8,7,0,10,0,4,17,0,0
C:\Users\soo\Desktop\eclipse-java-mars-2-win32-x86_64\BerkeleyDB-FH-Java_c.BerkeleyDB_P1\src\com\sleepycat\je\utilint\DaemonThread.java,285,182,130,27,66,0,37,203,0,0
C:\Users\soo\Desktop\eclipse-java-mars-2-win32-x86_64\BerkeleyDB-FH-Java_c.BerkeleyDB_P1\src\com\sleepycat\je\utilint\DbLsn.java,189,119,87,27,38,0,32,200,0,0
C:\Users\soo\Desktop\eclipse-java-mars-2-win32-x86_64\BerkeleyDB-FH-Java_c.BerkeleyDB_P1\src\com\sleepycat\je\utilint\DbScavenger.java,299,250,196,39,46,0,3,13,0,0
C:\Users\soo\Desktop\eclipse-java-mars-2-win32-x86_64\BerkeleyDB-FH-Java_c.BerkeleyDB_P1\src\com\sleepycat\je\utilint\EventTrace.java,104,62,47,7,37,0,5,32,0,0
C:\Users\soo\Desktop\eclipse-java-mars-2-win32-x86_64\BerkeleyDB-FH-Java_c.BerkeleyDB_P1\src\com\sleepycat\je\utilint\HexFormatter.java,15,11,9,1,4,0,0,0,0,0
C:\Users\soo\Desktop\eclipse-java-mars-2-win32-x86_64\BerkeleyDB-FH-Java_c.BerkeleyDB_P1\src\com\sleepycat\je\utilint\InternalException.java,20,11,8,0,6,0,3,7,0,0
C:\Users\soo\Desktop\eclipse-java-mars-2-win32-x86_64\BerkeleyDB-FH-Java_c.BerkeleyDB_P1\src\com\sleepycat\je\utilint\JarMain.java,47,27,23,1,10,0,10,105,0,0
C:\Users\soo\Desktop\eclipse-java-mars-2-win32-x86_64\BerkeleyDB-FH-Java_c.BerkeleyDB_P1\src\com\sleepycat\je\utilint\LevelOrderedINMap.java,25,17,14,1,4,0,4,33,0,0
C:\Users\soo\Desktop\eclipse-java-mars-2-win32-x86_64\BerkeleyDB-FH-Java_c.BerkeleyDB_P1\src\com\sleepycat\je\utilint\NotImplementedYetException.java,19,10,7,0,6,0,3,8,0,0
C:\Users\soo\Desktop\eclipse-java-mars-2-win32-x86_64\BerkeleyDB-FH-Java_c.BerkeleyDB_P1\src\com\sleepycat\je\utilint\PropUtil.java,70,40,28,10,10,0,20,109,0,0
C:\Users\soo\Desktop\eclipse-java-mars-2-win32-x86_64\BerkeleyDB-FH-Java_c.BerkeleyDB_P1\src\com\sleepycat\je\utilint\TestHook.java,24,8,7,0,8,0,8,76,0,0
C:\Users\soo\Desktop\eclipse-java-mars-2-win32-x86_64\BerkeleyDB-FH-Java_c.BerkeleyDB_P1\src\com\sleepycat\je\utilint\TestHookExecute.java,16,10,7,2,4,0,2,2,0,0
C:\Users\soo\Desktop\eclipse-java-mars-2-win32-x86_64\BerkeleyDB-FH-Java_c.BerkeleyDB_P1\src\com\sleepycat\je\utilint\TinyHashSet.java,144,103,74,25,33,0,8,80,0,0
C:\Users\soo\Desktop\eclipse-java-mars-2-win32-x86_64\BerkeleyDB-FH-Java_c.BerkeleyDB_P1\src\com\sleepycat\je\utilint\Tracer.java,89,49,41,3,18,0,22,103,0,0
C:\Users\soo\Desktop\eclipse-java-mars-2-win32-x86_64\BerkeleyDB-FH-Java_c.BerkeleyDB_P1\src\com\sleepycat\util\ExceptionUnwrapper.java,57,32,21,7,6,0,19,118,0,0
C:\Users\soo\Desktop\eclipse-java-mars-2-win32-x86_64\BerkeleyDB-FH-Java_c.BerkeleyDB_P1\src\com\sleepycat\util\ExceptionWrapper.java,29,6,5,0,6,0,17,112,0,0
C:\Users\soo\Desktop\eclipse-java-mars-2-win32-x86_64\BerkeleyDB-FH-Java_c.BerkeleyDB_P1\src\com\sleepycat\util\FastInputStream.java,164,75,55,16,42,0,47,213,0,0
C:\Users\soo\Desktop\eclipse-java-mars-2-win32-x86_64\BerkeleyDB-FH-Java_c.BerkeleyDB_P1\src\com\sleepycat\util\FastOutputStream.java,249,106,79,13,62,0,81,418,0,0
C:\Users\soo\Desktop\eclipse-java-mars-2-win32-x86_64\BerkeleyDB-FH-Java_c.BerkeleyDB_P1\src\com\sleepycat\util\IOExceptionWrapper.java,33,16,12,2,10,0,7,22,0,0
C:\Users\soo\Desktop\eclipse-java-mars-2-win32-x86_64\BerkeleyDB-FH-Java_c.BerkeleyDB_P1\src\com\sleepycat\util\RuntimeExceptionWrapper.java,32,15,11,2,10,0,7,22,0,0
C:\Users\soo\Desktop\eclipse-java-mars-2-win32-x86_64\BerkeleyDB-FH-Java_c.BerkeleyDB_P1\src\com\sleepycat\util\UtfOps.java,244,133,86,27,24,0,87,575,0,0
