Word,Count
*,9644
the,4644
,2761
is,1578
a,1261
to,1184
this,1160
for,1090
in,978
of,824
be,627
and,610
method,587
if,559
that,521
@param,518
public,473
directory,454
via,452
generated,449
templates,449
doc_src,449
doc,449
Javadoc,448
log,396
entry,370
@return,357
by,343
or,338
an,334
not,332
key,324
@see,292
The,273
from,249
are,246
object,240
it,239
file,233
class,233
used,221
node,215
lock,214
buffer,211
only,207
latch,207
This,206
data,204
If,189
use,181
when,180
we,178
{@link,171
true,168
with,160
number,160
on,149
tree,148
Returns,146
should,146
null,145
given,143
will,141
value,140
as,137
BIN,137
was,137
can,135
new,133
at,131
LN,127
database,126
write,116
no,115
LSN,114
set,111
must,111
read,108
called,106
may,106
Internal,105
all,105
thread,102
IN,102
into,102
using,98
has,97
A,97
tuple,97
cursor,96
<p>,96
byte,94
</p>,91
locker,90
whether,90
last,89
For,88
return,87
latched,86
size,82
output,82
Get,81
bytes,80
false,79
@throws,77
so,77
any,76
transaction,76
Return,76
have,75
which,74
environment,73
values,73
during,71
array,71
type,71
been,70
entries,70
objects,67
but,66
Creates,66
because,65
duplicate,65
first,64
one,64
held,63
binding,62
returned,61
record,60
deleted,60
search,57
there,56
index,56
root,56
files,55
instance,54
-,54
locks,54
written,53
Create,53
stored,52
txn,52
end,51
already,51
entity,51
current,51
recovery,51
target,50
caller,50
reader,50
other,50
UTF,49
information,49
id,49
obsolete,49
default,49
checkpoint,49
unit,48
list,48
version,47
up,46
Note,46
operation,46
primary,46
|,45
string,45
need,45
do,44
memory,44
Used,44
than,44
were,43
methods,43
returns,43
Set,43
under,42
found,42
LNs,42
before,41
being,41
\true,\,41
next,41
single,41
offset,41
does,41
available,40
about,40
each,40
same,40
source,39
primitive,39
parameter,39
transactional,39
Reads,39
summary,39
parent,38
JE,37
exception,37
two,37
call,37
child,36
they,36
more,36
empty,36
Writes,35
Mark,35
after,35
its,35
specified,35
waiting,35
without,35
always,34
then,34
avoid,34
info,33
configuration,33
don't,33
@author,33
out,33
Hayes,33
find,32
unsigned,32
characters,32
It,32
tracked,31
When,31
destination,31
character,31
just,31
it's,30
currently,30
threads,30
since,30
start,30
handle,29
level,29
convert,29
delete,29
base,29
Called,29
access,29
logged,29
length,28
update,28
state,28
secondary,28
dup,28
full,28
utilization,28
present,27
time,27
never,27
position,27
exact,27
format,26
Converts,26
An,26
through,26
header,26
granted,26
create,26
cleaned,26
needed,26
reference,26
Proxy,26
fields,26
property,25
created,25
collection,25
zero,25
between,25
In,25
done,25
holds,25
long,25
interface,25
Update,25
we're,25
entryis,25
way,24
db,24
doesn't,24
concrete,24
initial,24
copy,24
offsets,24
marshalled,24
seen,24
nodes,24
following,24
cursors,24
reading,24
INs,24
fsync,24
while,24
Do,24
Only,24
where,23
operations,23
release,23
ID,23
order,23
valis,23
sequence,23
accumulated,23
match,23
tests,23
eviction,23
therefore,22
serialized,22
within,22
byte),22
means,22
want,22
writing,22
stream,22
input,22
int,22
\entry,\,22
shared,22
DBIN,22
name,22
abort,22
config,22
cleaning,21
Java,21
ChildReference,21
main,21
hold,21
latching,21
There,21
split,21
idx'th,21
internal,21
work,21
simple,21
calling,21
Release,21
bin,21
types,21
count,21
over,21
outside,21
1,21
subtree,21
stats,20
containing,20
also,20
open,20
Log,20
their,20
determine,20
owned,20
manager,20
contains,20
\tree,\,20
added,19
catalog,19
deserialized,19
real,19
keys,19
DIN,19
either,19
dirty,19
descriptor,19
creator,19
buddy,19
Initialize,19
Is,19
LogReadable#getTransactionId,19
records,19
perform,19
existing,19
check,18
would,18
=,18
IndexOutOfBoundsExceptionif,18
LogReadable#logEntryIsTransactional,18
timeout,18
function,18
otherwise,18
passed,18
insert,18
<li>When,18
system,18
\buffer,\,18
\file,\,18
LogReadable#dumpLog,18
LogReadable#readFromLog,17
both,17
<li>,17
Add,17
until,17
allowed,17
static,17
even,17
get,17
0,17
enough,17
changed,17
upgrade,17
instantiated,17
converting,17
exclusive,17
latches,17
serial,17
We,17
--,17
</li>,17
flag,17
Write,17
point,17
case,17
cleaner,17
commit,17
Read,16
underlying,16
owner,16
duplicates,16
Adds,16
indicate,16
process,16
another,16
triggers,16
add,16
implemented,16
status,16
starting,16
signed,16
item,16
Find,16
prevent,16
user,16
resulting,16
some,16
logging,16
sure,16
pending,15
implement,15
these,15
throw,15
synchronized,15
changes,15
No,15
owners,15
could,15
writes,15
Remove,15
run,14
To,14
assert,14
implementation,14
debugging,14
handles,14
transactions,14
tracking,14
such,14
\database,\,14
non-transactional,14
<ul>,14
change,14
LoggableObject#getLogSize,14
Retrieve,14
cache,14
prior,14
</ul>,14
requested,14
active,14
encountered,14
TupleInput},14
Check,14
valid,14
migration,14
locked,14
counted,14
positioned,14
\latch,\,14
generation,14
evictor,14
{,14
abstract,14
conflict,14
waiters,14
LoggableObject#getLogType,14
\key,\,13
old,13
objectis,13
\returned,\,13
\testing,\,13
complete,13
unlatched,13
overridden,13
application,13
made,13
\null,\,13
request,13
closed,13
defined,13
package,13
Database,13
4,13
See,13
numbers,13
result,13
nodeId,13
range,13
LoggableObject#countAsObsoleteWhenLogged,13
trace,13
compressor,13
constructor,13
queue,13
budget,13
Y,13
exist,13
non-null,13
down,13
trigger,12
\found,\,12
\"\this"\\,12
instead,12
LatchException,12
<code>TupleBinding</code>,12
Must,12
@deprecated,12
referring,12
per,12
can't,12
\access,\,12
nested,12
times,12
major,12
resident,12
testing,12
converted,12
map,12
\lock,\,12
how,12
Sets,12
evicted,12
checking,12
Acquire,12
\example,\,12
},12
classes,12
construct,12
exceptions,12
Caller,12
less,12
based,12
May,12
see,11
cause,11
DB,11
\However,\,11
holding,11
represents,11
them,11
\package,\,11
previous,11
enabled,11
put,11
moved,11
Lock,11
message,11
responsible,11
known,11
bindings,11
cannot,11
embodies,11
Environment,11
safe,11
iterator,11
possible,11
\deleted,\,11
bit,11
getting,11
Key,11
committed,11
BINReference,11
wide,11
location,11
Done,11
like,11
LSNs,11
arrays,11
performed,11
occurs,11
necessary,11
space,11
messages,11
know,10
Dump,10
children,10
Extracts,10
DupCountLN,10
\case,\,10
LoggableObject#writeToLog,10
woken,10
related,10
BuddyLocker,10
right,10
block,10
LoggableObject#postLogWork,10
left,10
Object,10
easiest,10
(the,10
setting,10
now,10
and{@link,10
segment,10
depending,10
\LN,\,10
phantoms,10
LogWritable#writeToLog,10
\needed,\,10
pass,10
sorted,10
implements,10
provides,10
param,10
contain,10
path,10
beginning,10
INList,10
ordered,10
additional,10
properties,10
Assumes,10
comparator,10
inserted,10
key/data,10
releasing,10
processed,10
\false,\,10
make,10
rather,10
\object,\,10
uses,10
associated,10
integer,10
fixed,10
updated,10
mutable,10
approximate,10
negative,10
obtain,10
wrapper,10
nothing,10
thrown,10
\name,\,10
<code>IOException</code>,10
released,10
comparison,10
normally,9
mapping,9
class:,9
yet,9
argument,9
wasting,9
creating,9
deadlock,9
most,9
behalf,9
objects.</li>,9
com.sleepycat.collections},9
threshold,9
\id,\,9
allows,9
invalid,9
chars,9
unique,9
once,9
2,9
greater,9
storage,9
Thread,9
move,9
total,9
keep,9
non-blocking,9
acquiring,9
thread(s),9
checksum,9
searches,9
</ol>,9
rely,9
Construct,9
enumeration,9
<ol>,9
Count,9
com.sleepycat.je},9
(or,9
short,9
isolation,9
DatabaseEntry},9
TupleBinding#getPrimitiveBinding}method.</li>,9
optionally,9
required,9
classCatalogis,9
support,9
needs,9
RunRecoveryException,9
identifier,9
Number,9
actually,9
maximum,9
alone,9
\directly,\,9
exclusive/write,9
deltas,9
filled,9
calls,9
below,9
you,9
period,9
ways,9
those,8
\node,\,8
using{@link,8
test,8
LN's,8
takes,8
nodeid,8
<!--,8
remove,8
tuple-serial,8
\recovery,\,8
occur,8
programatically,8
delta,8
explicitly,8
LN),8
N,8
\parent,\,8
appropriate,8
\set,\,8
clean,8
itself,8
works,8
every,8
provide,8
owning,8
multiple,8
@Override,8
overhead,8
close,8
newSibling,8
-->,8
Error,8
RANGE_INSERT,8
Clear,8
reduce,8
ends,8
very,8
read-only,8
daemon,8
FileSummaryLN,8
MIGRATE,8
adding,8
loader,8
strings,8
allocated,8
Utility,8
supplied,8
care,8
field,8
newly,8
deletion,8
migrated,8
removed,8
Search,8
acquired,8
profile,8
begin,8
\change,\,8
IN's,8
Forwards,8
BINs,8
non-zero,8
\specified,\,8
TupleOutput},8
encoded,8
subclass,8
initialize,8
share,8
Exception,8
undo,8
configured,8
read-uncommitted,8
\log,\,8
including,8
along,8
boolean,8
MapLN,8
\method,\,8
previously,8
wasn't,8
element,8
Transfer,7
clear,7
\count,\,7
opening,7
1.4,7
increment,7
still,7
knows,7
action,7
<p>The,7
successfully,7
save,7
LogWritable#getLogSize,7
(i.e,7
equal,7
foreign,7
INCompressor,7
serialization,7
correct,7
here,7
je,7
modified,7
These,7
dump,7
LoggableObject#marshallOutsideWriteLatchCan,7
Removes,7
minimum,7
upon,7
Equivalent,7
us,7
send,7
bottom,7
flushed,7
description,7
\0,\,7
attempt,7
Close,7
synchronization,7
part,7
to/from,7
Counts,7
\search,\,7
wait,7
original,7
represented,7
Releases,7
proactive,7
Reset,7
logger,7
starts,7
+,7
Each,7
compact,7
-1,7
cloning,7
usage,7
Don't,7
8,7
dataInputis,7
allow,7
desired,7
going,7
none,7
processing,7
settings,7
Node,7
store,7
\it,\,7
mode,7
ObjectStreamClass,7
knownDeleted,7
off,7
notifications,7
entity's,7
did,7
the{@link,7
\not,\,6
shutdown,6
refers,6
\called,\,6
many,6
non-public,6
charsis,6
in-memory,6
basis,6
Compare,6
remain,6
bits,6
DatabaseException,6
backwards,6
i,6
you're,6
clone,6
null),6
replaced,6
Allows,6
MSB,6
entire,6
\is,\,6
oldData,6
configParam,6
1),6
considered,6
--------------+--------------+---------------+------------------------,6
purposes,6
StoredClassCatalog},6
take,6
treats,6
(two,6
Clears,6
correctly,6
descriptions,6
rootIN,6
they're,6
Adjust,6
\and,\,6
FOUND,6
<p>In,6
Flush,6
portion,6
construction,6
potential,6
\data,\,6
utility,6
logical,6
java.util.logger,6
subclasses,6
skip,6
\otherwise,\,6
updating,6
taken,6
<p>This,6
\message,\,6
Other,6
All,6
flavor,6
\caller,\,6
navigating,6
error,6
Send,6
extra,6
special,6
By,6
code,6
Never,6
(Not,6
LockUpgrade,6
wake,6
parents,6
FIFO,6
'this',6
\entries,\,6
TupleOutput,6
blocking,6
Whether,6
returning,6
encoding,6
lockers,6
resized,6
\so,\,6
pair,6
Helper,6
3,6
newData,6
\IN,\,6
flush,6
Move,6
tuples,6
verbose,6
utilities,6
encapsulates,6
Should,6
LockNotGrantedException,6
(one,6
conditionalize,6
Deletes,6
amount,6
optimization,6
standard,6
validate,6
behavior,6
Calls,6
(four,6
insertion,6
dumped,6
searchType,6
deletable,6
waiter,6
locking,6
checkpointing,6
flip,6
totals,6
\returns,\,6
INb,5
Prevents,5
represent,5
append,5
IllegalArgumentException,5
separate,5
custom,5
MarshalledTupleKeyEntity},5
<code>EntryBinding</code>,5
selected,5
Latch,5
snapshot,5
else,5
become,5
partial,5
LockInfo,5
put(),5
retries,5
large,5
track,5
exists,5
particular,5
leftmost,5
Unicode,5
SerialOutput},5
env,5
lowest,5
flushing,5
kind,5
Preconditions:,5
<,5
leave,5
unchanged,5
databases,5
actual,5
Inserts,5
ready,5
explanation,5
reset,5
latest,5
instantiate,5
\Also,\,5
\acquired,\,5
Attempts,5
updates),5
qualifies,5
happen,5
\cleaned,\,5
\general,\,5
top,5
invoked,5
Dup,5
Not,5
XA,5
place,5
initialized,5
DatabaseImpl,5
give,5
receive,5
EnvironmentImpl,5
applies,5
Notifies,5
isn't,5
illegal,5
Pass,5
Evict,5
INc,5
ln,5
\latched,\,5
dataBindingis,5
home,5
to-be-cleaned,5
\use,\,5
dbt,5
migrate,5
denied,5
stop,5
moves,5
handled,5
Call,5
deserializing,5
Postconditions:,5
evict,5
outputis,5
Locks,5
elements,5
yourself,5
Validate,5
datais,5
fetch,5
tuple-tuple,5
IndexOutOfBoundsException,5
won't,5
stores,5
passing,5
bins,5
Total,5
Gets,5
opened,5
Insert,5
On,5
(it,5
NULLIFY,5
Methods,5
replace,5
\LSN,\,5
too,5
InterruptedException,5
readonly,5
look,5
constructing,5
\successful,\,5
matching,5
lazy,5
==,5
rightmost,5
three,5
timestamp,5
Txn,5
\BIN's,\,5
kept,5
counters,5
performs,5
cost,5
calculated,5
advance,5
Throwable,5
Locker,5
execute,5
retained,5
<pre>,5
DbLsn,5
require,5
looking,5
there's,5
although,5
serializing,5
tracing,5
updates,5
Does,5
versions,5
fsynced,5
force,5
\type,\,5
</pre>,5
XML,5
splitting,5
Formats,5
loggable,5
\Therefore,\,5
validation,5
releases,5
nid,5
\transaction,\,5
je.properties,5
com.sleepycat.je.ForeignKeyDeleteAction#NULLIFY},5
NullPointerExceptionif,5
notify,5
supported,5
locate,5
KEYEMPTY,5
WriteLockInfo,5
relevant,5
obtained,4
retainNonTxnLocks,4
select,4
defaultNoWait,4
LEFT,4
NORMAL,4
ThreadLocker,4
provisional,4
\read,\,4
bump,4
compress,4
DaemonThread,4
exit,4
delete(),4
defining,4
general,4
LockConflict,4
LockGrantType,4
identifier),4
configure,4
saves,4
\locker,\,4
forward,4
Tell,4
extractor,4
dupBin,4
Serialize,4
lexicographical,4
bag,4
Process,4
streams,4
duplicate-bearing,4
qualify,4
fsyncing,4
Delete,4
might,4
what,4
newSiblingHigh,4
We're,4
LogSource#getBytes,4
\exists,\,4
dumps,4
prints,4
entry's,4
critical,4
live,4
debug,4
loaded,4
LN#writeToLog,4
acquire,4
SharedLatch,4
EXACT_MATCH,4
contents,4
False,4
fetched,4
Debugging,4
\transactional,\,4
0x100,4
Throw,4
entering,4
char,4
creation,4
dbId,4
per-run,4
names,4
nEntries,4
(in,4
LatchSupport,4
observer,4
\size,\,4
serial-serial,4
owns,4
milliseconds,4
back,4
assume,4
aborted,4
marked,4
SUCCESS,4
databaseImpl,4
Xid,4
numeric,4
we'd,4
try,4
binIndex,4
being-cleaned,4
(0x0000),4
assigned,4
provisionally,4
demoted,4
having,4
Constructs,4
\position,\,4
FOUND_LAST,4
targets,4
instances,4
read-committed,4
Copies,4
fsyncs,4
ran,4
constructed,4
Its,4
splits,4
LN#getLogSize,4
Since,4
pool,4
\txn,\,4
counting,4
reads,4
promotion,4
rules,4
faulted,4
Need,4
cursorCursor,4
Tree,4
assuming,4
included,4
!=,4
unlatch,4
\BIN,\,4
<p>If,4
ask,4
checkpointer,4
sizeNeeded,4
onto,4
lengthis,4
\available,\,4
that's,4
LN#readFromLog,4
loading,4
Wait,4
notification,4
readCommitted,4
Ask,4
\fsync,\,4
zeros,4
5,4
#getTupleOutput},4
sets,4
incrementnote,4
leader,4
\strings,\,4
indicates,4
(does,4
\cursor,\,4
\zero,\,4
whose,4
Support,4
encounters,4
abortLsn,4
Comparison,4
proper,4
\successfully,\,4
\0x0,\,4
above,4
currentWriteBuffer,4
LN#getLogType,4
\characters,\,4
performance,4
Updates,4
\thread,\,4
whole,4
equivalent,4
shut,4
BOTH,4
onWakeup(),4
ordering,4
\this,\,4
finished,4
Constructor,4
double,4
Indicates,4
btree,4
arg,4
\inserted,\,4
\class,\,4
navigates,4
causes,4
comes,4
control,4
\nodes,\,4
FastOutputStream,4
Implemented,4
Extends,4
override,4
Position,4
references,4
READ,4
\way,\,4
(eight,4
startLsn,4
immutable,4
Fill,4
LockType,4
'ins',4
side,4
super,4
immediately,4
itemBuf,4
detail,4
BIN's,4
databaseId,4
serializable,4
impact,4
keyInputis,4
<p>When,4
converts,4
\objects,\,4
Assign,4
Make,4
gets,4
disk,4
displaced,4
(dupe,4
removal,4
\non-null,\,4
RESTART,4
transfer,4
newInstance(),4
getWritableLocker,4
tail,4
Print,4
conversion,4
\necessary,\,4
who,4
sign,4
supports,4
cleared,4
\allowed,\,4
nodeIdThe,4
LogEntry#getTransactionId,3
isRunnable(),3
oldLsn,3
acquire(),3
lockType,3
TFS,3
(and,3
Some,3
sort,3
nextFsyncWaiters,3
0xFF,3
latch.</p>,3
Long,3
release(),3
throws,3
optional,3
common,3
matrix,3
BINS,3
creators,3
LockManager#demote,3
\succeeded,\,3
ancestor,3
speed,3
boundaries,3
Tells,3
ScavengerFileReader,3
WRITE,3
retrieves,3
BINReferences,3
checkArgs,3
LockManager#getWriterOwnerLocker,3
Nesting,3
intentionally,3
While,3
ensure,3
\information,\,3
removing,3
Throws,3
applications,3
issue,3
\supplied,\,3
BasicLocker,3
Locker#lockInternal,3
failure,3
<code>EntityBinding</code>,3
IllegalArgumentExceptionmalformed,3
(2),3
non-resident,3
caller's,3
firstWaiter,3
MarshalledTupleEntry},3
natural,3
Copy,3
DatabaseExceptionif,3
ever,3
DupCountLNs,3
four,3
lsnlocation,3
proactiveMigrationperform,3
locker.</p>,3
specific,3
TrackedFileSummary,3
terminating,3
\locks,\,3
treated,3
wakeup,3
transaction's,3
prevention,3
\present,\,3
+-------------+-----------------+-----------------------,3
LockManager#isWaiter,3
protected,3
unlatching,3
SecondaryDatabase,3
self,3
10,3
demote,3
EOF,3
arguments,3
had,3
\impacted,\,3
flipped,3
\complete,\,3
well,3
Created,3
go,3
recording,3
Request,3
purge,3
contained,3
support:,3
creates,3
binary,3
SET,3
effect,3
determined,3
addCursor(),3
asynchronous,3
high,3
ownership,3
preventing,3
LockManager#isLocked,3
DatabaseEntry,3
compares,3
\passed,\,3
corresponds,3
deleting,3
non-private,3
lowUtilizationFiles,3
stack,3
LogEntry#isTransactional,3
doing,3
notifies,3
\used,\,3
\Instead,\,3
priKey,3
embedded,3
<code>short</code>,3
older,3
\dirty,\,3
LockManager#isOwner,3
INd,3
LogEntry,3
modify,3
idx,3
ensures,3
Properties,3
constructs,3
interfaces,3
arrive,3
million,3
BINDelta,3
subtracted,3
\numbers,\,3
attributable,3
\default,\,3
#setTupleBufferSize},3
leaf,3
marshalling,3
keyOutputis,3
best,3
lockThe,3
further,3
\only,\,3
shared/read,3
results,3
link,3
<code>boolean</code>,3
LogManager#countObsoleteINs,3
<code>float</code>,3
tags,3
corrupted,3
\here,\,3
\bytes,\,3
delegates,3
approximation,3
own,3
\JE,\,3
sizes,3
LockResult,3
completed,3
belong,3
separately,3
safe-to-delete,3
LockManager#transferMultiple,3
really,3
according,3
onWakeup,3
<code>ClassCatalog</code>,3
Decide,3
\INs,\,3
So,3
<code>byte</code>,3
One,3
<code>long</code>,3
tracks,3
accounting,3
\default),\,3
requires,3
java,3
dataClassis,3
factor,3
\INb,\,3
redo,3
readers,3
<code>double</code>,3
INa,3
needed;,3
null-terminated,3
As,3
B:,3
indexing,3
allowDuplicates,3
indexindicates,3
<code>String</code>,3
pointer,3
running,3
\operation,\,3
distinguish,3
\properties,\,3
little,3
show,3
compression,3
highest,3
recent,3
\full,\,3
LockManager#makeTimeoutMsg,3
native,3
Configuration,3
assumes,3
except,3
byteArray,3
different,3
txns,3
Adler-32,3
Convert,3
<code>char</code>,3
unlatching/relatching,3
\i.e.,\,3
goes,3
nulled,3
TinyHashSet,3
fully-processed,3
Latches,3
line,3
Keys,3
automatically,3
LRU,3
whenever,3
UtilizationProfile,3
configurations,3
started,3
tracker,3
Loggable,3
Wake,3
\ID,\,3
Cursor,3
LogSource#release,3
determining,3
JVM,3
ClassInfo,3
|'d,3
TxnEnd#getLogType,3
prohibited,3
getAllowed,3
max,3
location.bin,3
reflect,3
accessed,3
\DIN,\,3
guarantees,3
SerialInput},3
traversal,3
searching,3
\order,\,3
updateGenerationif,3
HashSet,3
Leaf,3
Adler32,3
\map,\,3
noWait,3
enables,3
responsibility,3
finally,3
bufferis,3
register,3
states,3
LockManager#dumpLockTable,3
LockManager#transfer,3
LockManager#validateOwnership,3
LatchStats,3
requirement,3
runs,3
LockManager#releaseAndNotifyTargets,3
<code>int</code>,3
<code>MarshalledTupleKeyEntity</code>,3
earlier,3
Perform,3
ClassCatalog},3
transient,3
n/a,3
LockManager#nOwners,3
\empty,\,3
\value,\,3
\INa,\,3
callback,3
FileSummary,3
freed,3
N/A,3
<p>Wait,3
DbPrintLog,3
sync,3
clsis,3
<code>Long</code>,3
cached,3
lookup,3
AutoTxns,3
individual,3
deletes,3
verify,3
remember,3
(not,3
small,3
<p>Version,3
Because,3
corrupt,3
Processes,3
interested,3
soon,3
writer,3
Overrides,3
LatchNotHeldException,3
changing,3
longs,3
\created,\,3
DBs,3
\table,\,3
\evictor,\,3
------------,3
\split,\,3
itemobject,3
member,3
pendingDeleted,3
Clone,3
collections,3
stripped,3
\(file=1,\,3
lockTypethe,3
Use,3
runtime,3
sequence=Integer.MAX_VALUE,3
fetching,3
Transaction,3
A:,3
NameLN,3
\transactions,\,3
return;,3
pruning,3
terminator,3
2),3
SR,3
corresponding,3
logLsnis,3
non-obsolete,3
instantiating,3
#getCause},3
parameters,3
branch,3
fsyncRequiredif,3
persistent,3
scans,3
comparators,3
table,3
prevOffset,3
initialSize,3
etc,3
access.</p>,3
delay,3
\format,\,3
float,3
baseClassis,3
making,3
trees,3
lnthe,3
LockManager#attemptLock,3
private,3
Unwraps,3
group,3
monitor,3
upgraded,3
avoids,3
\summary,\,3
measure,3
compared,3
Shallow,3
deserialize,3
nullify,3
checkpointed,3
len,3
RMW,3
much,3
allowEvictionis,3
EXACT_KEY,3
\owner,\,3
low,3
evictable,3
LockManager#nWaiters,3
guarantee,3
statistics,3
Load,3
properly,3
representation,3
\bindings,\,3
\reused,\,3
optimize,3
synchronize,3
copied),3
\application,\,3
ONLY_ABORTABLE,3
phantom,3
RIGHT,3
callers,3
\words,\,3
prepare,3
\binding,\,3
\"\special"\\,2
specifies,2
regular,2
still-in-memory,2
\constructor,\,2
<li>Zero,2
notified,2
java.io.DataOutput},2
\0xC0,\,2
LogEntry#clone,2
you'll,2
fashion,2
MapLn,2
inserting,2
\initialized,\,2
\arrays,\,2
account,2
Open,2
approximation;,2
failures,2
trackingListif,2
Strings,2
>>,2
Non-negative,2
opportunity,2
#getSerialOutput},2
toString,2
Access,2
\cleaner,\,2
floating,2
age,2
3-,2
'next',2
retry,2
readable,2
Table,2
comparing,2
Force,2
manually,2
logic,2
LogManager#countObsoleteLNs,2
inFromLog,2
portions,2
LogEntry#getMainItem,2
\fysnc,\,2
capable,2
specialized,2
\memory,\,2
indefinitely,2
clusterAll,2
descriptor:,2
RecoveryInfo,2
lsn,2
backlog,2
Logger,2
fair,2
api,2
LEFT/RIGHT,2
BigInteger,2
non-duplicate,2
though,2
\operations,\,2
\#objectToKey(Object,TupleOutput)}\,2
TupleInput}and,2
But,2
\exist,\,2
NEW,2
context,2
first),2
Invalidate,2
conflicts,2
&,2
CursorImpl.dupIndex,2
Sort,2
rewrite,2
mustBeCleanedFiles,2
occupied,2
reach,2
suffix,2
situation,2
Commit,2
K1/D1,2
xml,2
fine,2
LockGrantType.RESTART,2
Simple,2
DbInternal,2
usual,2
FSyncManager,2
B-Tree,2
\latching,\,2
Retries,2
Minimum,2
session,2
String,2
Unless,2
\different,\,2
decide,2
higher,2
\asynchronously,\,2
against,2
singleton,2
logBuffer,2
extends,2
\unsynchronized,\,2
together,2
waiterList,2
childThe,2
visited,2
instantiates,2
join(),2
cross,2
NodeLogEntry#getNodeId,2
duped,2
requireExactMatchif,2
\DBIN's,\,2
mutation,2
FileSource,2
errors,2
fulfilled,2
aborted.</p>,2
Environment.removeDatabase,2
Owner,2
\daemons,\,2
Reduce,2
sb,2
0x0,2
primaryKeyInputis,2
FastOutputStream#DEFAULT_INIT_SIZE},2
\LNs,\,2
\Java,\,2
isRunnable,2
SerialOutput,2
daemons,2
vs,2
are:,2
operates,2
newArr,2
keeping,2
dupBinIndex,2
interesting,2
enter,2
translate,2
Therefore,2
@returns,2
java.io.DataInput},2
top.**,2
newNonTxnLocker,2
we've,2
bumpSize,2
\extends,\,2
ID;,2
BASE;,2
checked,2
helper,2
20,2
NMAX,2
addition,2
modulo,2
unnecessary,2
closes,2
logs,2
probe,2
s1,2
\endOfLogRWFile,\,2
\yet,\,2
dupTreeKeyis,2
\function,\,2
Parse,2
consumption,2
forceCleanFiles,2
piggybacks,2
(high-order,2
unless,2
\B,\,2
processor,2
Modify,2
channel,2
IllegalArgumentExceptionif,2
/,2
walk,2
reached,2
lower,2
expensive,2
BTree,2
reason,2
s2,2
acquisition,2
disable,2
\cleaning,\,2
\Importantly,\,2
sending,2
non-empty,2
<p>Must,2
hex,2
com.sleepycat.util.FastOutputStream#DEFAULT_INIT_SIZE},2
evicting,2
counts,2
bug,2
restarted,2
DENIED,2
\handle,\,2
caching,2
somewhat,2
#setTupleBufferSize,2
marshal,2
forcing,2
indicateIfDuplicate,2
Invoke,2
(int,2
storing,2
quiescent,2
BIN),2
truncate,2
mechanism,2
Shift,2
locationholds,2
fatal,2
PROTOCOL_VERSION_2,2
nor,2
\world,\,2
\*buf,\,2
\addition,\,2
\detached,\,2
internally,2
0x80,2
lnFromLog,2
accounted,2
#objectToData(Object)},2
Integer.MAX_VALUE,2
resides,2
Evicts,2
uninitialized,2
Resets,2
True,2
val,2
\instances,\,2
form,2
candidate,2
TupleInput#readBytes},2
JVMs,2
isEvictionProhibited,2
bitset,2
\promoted,\,2
dumper,2
stderr,2
\dupRoot,\,2
\queue,\,2
Signed,2
Currently,2
props,2
>=,2
appear,2
BTREE,2
Passed,2
unable,2
descending,2
benefit,2
\INc,\,2
final,2
hasn't,2
copied,2
fileNumthe,2
unwrap,2
DatabaseId,2
earlier),2
CursorImpl.index,2
releaseDBIN,2
looks,2
slot,2
\,2
listing,2
no-arguments,2
NodeId,2
len),2
\up,\,2
Public,2
buffer;,2
\held,\,2
excludeCursor,2
nth,2
(IN,2
\however,\,2
suceeds.</p>,2
marks,2
high-order,2
\field,\,2
RandomAccessFile,2
requester's,2
inis,2
DbDump,2
its{@link,2
\parents,\,2
\fsyncing,\,2
wakes,2
LogEntry#readEntry,2
\output,\,2
retain,2
occurred,2
unicode,2
infois,2
conversions,2
aren't,2
\aid,\,2
Comparator,2
environmentImpl,2
dirtiness,2
DbEnvState,2
Instantiate,2
assoc'd,2
discarded,2
\match,\,2
problem,2
ordering.</li>,2
irrespective,2
Uses,2
forceCleaning,2
TupleInput#readChars},2
typesafe,2
\Class#forName},\,2
master,2
\ordering,\,2
\migration,\,2
(most,2
throwing,2
pursuit,2
initialization,2
Here's,2
byte[],2
millisecond,2
40,2
removes,2
grant,2
supply,2
BINd,2
insertIndex,2
descend,2
constant,2
hash,2
pendingDelete,2
\budget,\,2
watching,2
splittable,2
Increment,2
(*),2
Wakeup,2
forced,2
(may,2
superfluous,2
inheriting,2
concocting,2
decimal,2
dbTree,2
forceCleaningis,2
command,2
section,2
signatures,2
requester,2
0's,2
<li>Null,2
noteLatch,2
matches,2
JEFileFilters,2
is:,2
bit),2
\issue,\,2
atomic,2
byHowMuch'th,2
join,2
Respond,2
dataOutputis,2
identify,2
DeadlockException,2
got,2
EXACT_DATA,2
InconsistentNodeException,2
or'd,2
contract,2
Activity,2
depends,2
perhaps,2
your's,2
keyNameis,2
invalidated,2
FSLN,2
something,2
754),2
Data,2
byteSizethe,2
human,2
<code>MarshalledTupleEntry</code>,2
caught,2
(LSNs,2
Recover,2
newArr;,2
\Integer,\,2
lock(),2
\does,\,2
BasicLockers,2
1.7.1,2
aside,2
\number,\,2
appends,2
hasTriggers(),2
fit,2
\production,\,2
je.jar,2
entrythe,2
safeguard,2
\txns,\,2
(DBIN),2
receiving,2
hitting,2
dir,2
prune,2
#setSerialBufferSize,2
bad,2
bytes[4],2
Ensure,2
null--,2
ideal,2
modification,2
Manipulation,2
efficient,2
belongs,2
unchanged),2
equality,2
least,2
Apply,2
faulting,2
(32b),2
Here,2
(previously,2
TupleOutput#writeChars},2
LogEndFileDescriptor,2
It's,2
That's,2
binThe,2
newSiblingLow,2
things,2
\newSiblingLow,\,2
\locked,\,2
\DupCountLN,\,2
libraries,2
holder,2
Same,2
keyis,2
binis,2
2-,2
aware,2
determines,2
databaseNametarget,2
\releasing,\,2
mainKeyis,2
\parameter,\,2
\offset,\,2
(s2,2
MarshalledTupleKeyEntity#marshalSecondaryKey},2
executed,2
keyNameidentifies,2
phase,2
<code>SerialBinding</code>,2
Class.forName(),2
suffixwhich,2
meant,2
getIllegal,2
#setSerialBufferSize},2
(deleted),2
readNextEntry,2
ascii,2
trackeris,2
\ancestor,\,2
cloned,2
requesting,2
\values,\,2
passes,2
usually,2
LoggableObject#marshallOutsideWriteLatchAsk,2
Clones,2
operate,2
Compute,2
16),2
Undo,2
digits,2
iteration,2
Holds,2
FSync,2
\possiblities,\,2
misc,2
MAX_TYPE_NUM,2
decrementing,2
DatabaseConfig,2
pre-emptive,2
extend,2
UP,2
#nullifyForeignKey(Object)},2
swap,2
Record,2
forwardif,2
Sizeof,2
order),2
BINDeltas,2
invocation,2
preload(),2
existed,2
declared,2
why,2
\assignment,\,2
\list,\,2
Unsigned,2
Different,2
#createSecondaryKey}will,2
non-provisionally,2
clustering,2
\criteria,\,2
expected,2
Something,2
transferred,2
Multiple,2
optimizations,2
LogManager#countObsoleteNodes,2
(1),2
\therefore,\,2
allocation,2
distinct,2
yields,2
Bitmap,2
sufficient,2
doFetch,2
*not*,2
mark,2
Figure,2
NIO,2
readBufferSize,2
bindingis,2
\modified,\,2
Specify,2
cleanMultipleFilesis,2
wrong,2
mb,2
\0x1,\,2
Using,2
\newArr,\,2
rollback,2
repeatedly,2
inverted,2
ahead,2
room,2
fully,2
targetted,2
buffers,2
achieved,2
affect,2
\types,\,2
nWaiters,2
Environment.truncateDatabase,2
packed,2
packages,2
result.foundExactMatch,2
BIN/DIN,2
non-null.</p>,2
latter,2
predicate,2
variety,2
functionality,2
adds,2
(if,2
entrypoint,2
Floats,2
anymore,2
Contains,2
Change,2
Java5SharedLatchImpl,2
\comparator,\,2
shorts,2
\checkpointer,\,2
Rebuild,2
incrementing,2
\deserialization,\,2
Rename,2
\},\,2
restart,2
R/W,2
i.e,2
idKey,2
significant,2
(unless,2
class.</p>,2
just-read,2
charOffset,2
%,2
differences,2
integer-bit,2
(all,2
writable,2
incompressor,2
that{@link,2
navigate,2
result.parent,2
\obtained,\,2
RANGE_WRITE,2
progress,2
qualifications,2
\C,\,2
absolute,2
nulls,2
\long,\,2
1-,2
corruption,2
(!leftSide),2
past,2
\VM,\,2
resp,2
reallocation,2
prohibit,2
last.</li>,2
provided,2
=>,2
increase,2
sections,2
\open,\,2
\utilities,\,2
TupleOutput#writeBytes},2
TupleOutput#writeString(char[])},2
INe,2
traverse,2
levels,2
e,2
EnvironmentConfig.setTxnReadCommitted(),2
directly,2
byteOffset,2
manage,2
doubles,2
encode,2
SortedLSNTreeWalker,2
parent),2
details,2
remains,2
0xffff;,2
<i>type</i>,2
Full,2
\array,\,2
Initializes,2
\attempt,\,2
(performs,2
\LockManager.release,\,2
\flag,\,2
keyed,2
conjunction,2
30,2
(leftSide),2
mix,2
unlikely,2
\time,\,2
ReentrantReadWriteLock,2
Migrate,2
flips,2
come,2
Split,2
cluster,2
logsize,2
Unregister,2
\duplicate,\,2
TupleOutput}objects,2
ordered;,2
Collect,2
individually,2
searched,2
\environment,\,2
linear,2
Concoct,2
requeued,2
logLsn,2
replacement,2
longer,2
possibly,2
issues,2
node's,2
traverseWithinDupTreeif,2
unregister,2
suppose,2
w/log,2
purged,2
\obsolete,\,2
catch,2
willing,2
endOfLogRWFile,2
limit,2
\cleared,\,2
protect,2
break,2
unmarshalled,2
dup;,2
allTxns,2
unsuccessfully,2
non-marshalled,2
guide,2
stay,2
reverse,2
CursorImpl.bin,2
(IEEE,2
nodes),2
succeeds,2
maybeValidate,2
\Class.forName("\Java5LatchImpl"\).newInstance();\,2
fits,2
\Specifically,\,2
modifying,2
indexKeyOutputis,2
\collections,\,2
SearchResult,2
Register,2
\persistent,\,2
\close(),\,2
databaseUpdated(),2
acquireNoWait(),2
LogSource,2
Utils,2
Always,2
future,2
our,2
reasonable,2
capacity,2
Time,2
EnvironmentConfig,2
inputis,2
addedINs,2
accessing,2
events,2
waits,2
objection,2
\level,\,2
\files,\,2
permitting,2
swept,2
bytesNeeded,2
replacing,2
splitIndex,2
400,2
\for,\,2
segments,2
DINs,2
applying,2
TestHook,2
LogEntry#dumpEntry,2
actions,2
\along,\,2
(Node),2
.,2
matrices,2
TupleTupleMarshalledBinding,2
\(i.e,\,2
\often,\,2
latchTable,2
CursorImpl.dupBin,2
Cleans,2
Cleanup,2
Returned,2
Duplicate,1
microseconds,1
scope,1
6,1
ConfigParam,1
Xid's,1
Comparable#compareTo,1
ending,1
65521,1
guaranteed,1
space.</p>,1
\log"\\,1
LockTable,1
call{@link,1
Enters,1
\that,\,1
byte[newBytes];,1
incompatibility,1
properties:,1
getWritableFile,1
lnThe,1
#write(int),1
\RANGE_INSERT,\,1
facing,1
locationthis,1
recourse,1
\je.jar"\\,1
used.</p>,1
2;,1
unused,1
redoing,1
pairs,1
scanned,1
Give,1
specifying,1
completes,1
FirstActiveLsn,1
\BuddyLocker,\,1
unpacked,1
lnType1targetted,1
manager's,1
charLength,1
Changes,1
INLogEntry,1
\Lastly,\,1
\dups,\,1
swaps,1
extract,1
inLsnLSN,1
missing,1
per-node,1
separated,1
Or,1
keyBindingis,1
EnvironmentMutableConfig.copyMutablePropsTo(),1
superclass,1
key-value,1
al,1
newSuffixthe,1
choose,1
\e.g.,\,1
addPendingDupCountLN,1
putXXX(),1
'notify()ed',1
propagate,1
treat,1
NullTxn,1
double-counting,1
com.sleepycat.je.util,1
<p>All,1
seems,1
(super.sharesLocksWith(...)),1
abortLsngives,1
flushAll,1
believe,1
TupleInput#readString()},1
INDupDeleteInfo,1
called.</p>,1
eof,1
BDBJE,1
Prints,1
consists,1
txn's,1
validity,1
validates,1
Specifies,1
forever,1
calculations,1
ObjectOutputStream},1
Optionally,1
success,1
Probe,1
Std,1
added.</p>,1
Calculate,1
Takes,1
ln's,1
ObjectInputStream},1
calledByAbort,1
populates,1
BOTH),1
amountToReadis,1
\#createSecondaryKey(TupleInput,TupleInput,TupleOutput)}\,1
(entryLsnLongArray,1
signature,1
<code>writeFast()</code>,1
\result,\,1
n,1
bother,1
isWaiter,1
#entryToObject(TupleInput)},1
LogReadable#readFromLogInitialize,1
Whenever,1
provoked,1
unbounded,1
\inexact,\,1
<em>WARNING:</em>,1
Naming,1
\#entryToObject(Object,Object)}\,1
AutoTxn'ed,1
\Slow,\,1
advanced,1
EnvironmentConfig.getCreateUP(),1
moment,1
Disallow,1
\logging,\,1
duplicateComparator,1
deep,1
what's,1
aid,1
load,1
database/key,1
TxnManager's,1
Environment.txnBegin,1
equals,1
implement{@link,1
JoinCursor.getSortedCursors(),1
middle,1
binthe,1
Strip,1
deleteAtCommit,1
timed,1
envConfig,1
unpredictable,1
Interface,1
ratio,1
\shutdown,\,1
putting,1
(non-duplicate),1
bounded,1
complementary,1
setVal(),1
appending,1
Obsolete,1
Determine,1
writeToLog,1
\#entryToObject(TupleInput,Object)}\,1
\fields,\,1
operating,1
\left,\,1
shortlived,1
1.</p>,1
adler,1
\start,\,1
WAIT_NEW,1
je.cleaner.rmwFix,1
LSB,1
sharing,1
AutoTxn,1
\commit,\,1
Decrement,1
configManager,1
algorithms,1
correspond;,1
currentBytes;,1
1003.1,1
\keys,\,1
com.sleepycat.bind.tuple.TupleOutput},1
removeFromLockertrue,1
(single,1
\dataOutput,\,1
core's,1
free,1
(RunRecoveryException),1
binBoundary,1
Preload,1
(e.g.),1
lockerowning,1
adjusting,1
hashed,1
entryLsnByteArray,1
\cache,\,1
Opens,1
setTrackedSummary,1
\waiters),\,1
DumpFileReader,1
TupleInput#readFloat},1
dupRootthe,1
\short,\,1
Main,1
deserializing.{@link,1
LNs),1
binRef,1
DIN/DupCountLN->DBIN->LN,1
StoredClassCatalog}should,1
\reference,\,1
choice,1
Purge,1
TupleOutput#writeInt},1
apply,1
terminate,1
key),1
KnownDeleted,1
stdout,1
<code>TupleSerialBinding</code>,1
\0x30000000,\,1
requirements,1
populated,1
Validation,1
dummy,1
space),1
no-wait,1
EXISTING,1
readUncommittedDefault,1
INSERT_SUCCESS,1
LatchedLogManager,1
Map,1
trying,1
BYTES_PER_LSN_ENTRY);,1
HashSet/List,1
newEntries;,1
main-tree/dupe-tree,1
LN10,1
flushFileSummary,1
\subtree,\,1
sides,1
(for,1
container,1
classDescThe,1
accomplish,1
-1);,1
makes,1
operationOK,1
\granted,\,1
<code>read()<code>,1
dbin,1
your,1
\secondary,\,1
program,1
\#entryToObject(TupleInput,TupleInput)}\,1
handleLocker,1
#setSerialBufferSize}method,1
\eviction,\,1
enteryBuffercontains,1
\requested,\,1
flags,1
Disables,1
EnvironmentImpl's,1
Overwrite,1
byHowMuch,1
(leftmost),1
Info,1
\types),\,1
manifest,1
houses,1
JMX,1
Berkeley,1
\bin,\,1
byte-by-byte,1
\dbtree,\,1
Database.setHandleLockOwnerTxn,1
\notify,\,1
overload,1
ctor,1
isResidentis,1
Minumum,1
processEntryCallback,1
\removeDatabase(),\,1
\JVM's),\,1
later,1
unnoted,1
0x7fff,1
\"\size"\\,1
msec,1
\PREV_NODUP,\,1
adjust,1
stray,1
acquires,1
\possible,\,1
long[newEntries];,1
embedding,1
moving,1
Override,1
maintained,1
preemptive,1
prohibits,1
describing,1
KEYEXIST,1
footprint,1
LogReadable#readFromLogIt's,1
#getConflict,1
secKey,1
insertAtFront,1
GROWTH_INCREMENT;,1
\exact,\,1
walking,1
\descend,\,1
syncs,1
empty),1
undocumented,1
assumed,1
Compress,1
Supplied,1
wrapped,1
CursorConfig,1
EnvironmentConfig.setLoadPropertyFile(),1
wrap,1
[#9376],1
ok,1
\place,\,1
\fails,\,1
dbConfig,1
\#nullifyForeignKey(TupleInput,TupleOutput)}\,1
\compressed,\,1
LockConfict,1
java.util.List,1
terminated,1
Flushes,1
getRestart,1
gives,1
\BINs,\,1
keyon,1
com.sleepycat.util.FastOutputStream}instance,1
overall,1
unpopulated,1
Completes,1
Cursor.advanceCursor(),1
<code>DataOutput</code>-like,1
matrixes,1
LockGrantType.DENIED,1
\deletedness,\,1
<code>ObjectInputStream</code>,1
(byte),1
RFC1950,1
adler32(unsigned,1
Sync,1
databaseNameidentifier,1
retrieveNext),1
instantiations,1
\checkpointing,\,1
\group,\,1
prepared,1
indeed,1
je.txn.dumpLocks,1
Let,1
hold:,1
maxMillsecs,1
difference,1
DeadlockExceptionif,1
Deleted,1
<li><code>Boolean</code></li>,1
txn.abort,1
ensuring,1
descriptors,1
key.</p>,1
Positions,1
located,1
non-provisional,1
java.nio.channel.FileChannel.write(),1
\segments,\,1
(don't,1
requestor,1
infoidentifies,1
\always,\,1
\"\tricky"\\,1
covers,1
<code>OutputStream</code>,1
upwards,1
currentBytes);,1
verifier,1
Preemptive,1
RecoveryManager,1
they'll,1
rebuild,1
guaranted,1
behind,1
\process,\,1
dataInput,1
virtual,1
\resources,\,1
&&,1
parent/child/index,1
informative,1
endRead(),1
Statistics,1
\leaf,\,1
newLNthe,1
validating,1
[#9822],1
len);,1
hierarchy,1
primaries,1
before/after,1
non-transactional),1
\dumpLog,\,1
<li><code>Long</code></li>,1
decreasing,1
LNLogEntry#getLogSize,1
\excuting,\,1
Handle,1
getDatabase(),1
isBinInDupDbis,1
ThreadLockers,1
100,1
Given,1
Database.getDatabase(),1
LockGrantType.NEW,1
<code>Double.longBitsToDouble</code>,1
appears,1
backing,1
\{file,\,1
safe;,1
Factory,1
themselves,1
map's,1
n;,1
Parent,1
or{@link,1
txnConfigspecifies,1
true),1
read-write,1
DbConfigManager,1
\dbs,\,1
XXX:,1
DataInput,1
maintain,1
newest,1
lockTableLatch,1
warning,1
\need,\,1
BASE,1
\java.util.BitSets,\,1
<i>nodeId</i>,1
insertEntry,1
\benefit,\,1
says,1
\PROMOTION,\,1
\ids,\,1
entryLsnLongArray,1
append-only,1
plausible,1
summaries,1
\writers,\,1
TupleOutput#writeShort},1
params,1
\"\9"\,\,1
\enter,\,1
\readFromLog(),\,1
\next,\,1
exceeded,1
validatation,1
args,1
(non-blocking),1
primaryKeyBindingis,1
WAIT_PROMOTION,1
Id's,1
serialize,1
<code>Double</code>,1
built-in,1
<code>write()</code>,1
ambivalent,1
countObsoleteNode,1
Either,1
DB_GET_BOTHC,1
200),1
Normalize,1
w/default,1
\run,\,1
SearchFileReader,1
ReadCommittedLocker,1
&gt;,1
file;,1
Estimate,1
same),1
cascading,1
location.lnKey,1
\evictable,\,1
#write(byte[]),1
<=,1
resume,1
btrees,1
\with,\,1
LogManager.flush(),1
Eviction,1
\longs,\,1
performing,1
LoggableObject#marshallOutsideWriteLatchBy,1
parentDINis,1
discussed,1
\compress,\,1
or:,1
DIN),1
read-lock,1
Switch,1
Exits,1
cls,1
semantics,1
keyChange,1
counter,1
foreignKeyTrigger,1
Replay,1
consecutive,1
\waiter,\,1
Marshall,1
reponsible,1
-jar,1
Even,1
FastOutputStream#reset},1
4965907,1
reflected,1
dupKey,1
succeed,1
keyKey,1
JIT,1
\2,\,1
\again,\,1
<p>For,1
DbSpace,1
stuck,1
Deadlock,1
Transactional,1
'prev',1
tag,1
TupleInput}objects,1
<code>Integer</code>,1
periods,1
simply,1
NONE,1
writeLock,1
residual,1
long[],1
\Otherwise,\,1
reseting,1
forcibly,1
away,1
<p>WARNING:,1
\eventually,\,1
profitable,1
Recovery,1
(Integers),1
Enter,1
(eviction),1
IEEE/ANSI,1
getPromotion,1
\"\last"\\,1
\partial,\,1
(rightmost),1
compatible,1
GetParentNode,1
<li><code>Character</code></li>,1
waiter(s),1
Accumulates,1
query,1
Purging,1
duplicate),1
finds,1
loops,1
skips,1
Every,1
happened,1
MAY_EVICT_LNS,1
Partial,1
com.sleepycat.util.FastOutputStream#reset},1
parse,1
face,1
usable,1
prescribed,1
accurately,1
indexthe,1
serves,1
CursorConfig),1
splitsAllowedtrue,1
Shorts,1
lockInfo,1
Otherwise,1
SecondaryDatabase.close(),1
ownerSet,1
\checkpoint,\,1
invokedFromDaemoncurrently,1
\debugDatabaseName,\,1
higest,1
\"\now"\\,1
procedure,1
elapsed.<br>,1
Cursors,1
combined,1
\MapLN,\,1
\"\data"\\,1
LNLogEntry,1
data-as-key,1
Thrown,1
estimate,1
truncateDatabase(),1
violate,1
needing,1
\anything,\,1
TupleInput#readChar},1
lnType2targetted,1
moments,1
requeue,1
foundDataDatabaseEntry,1
\occured,\,1
IOException,1
INb/INd/index,1
getStats(),1
Unmarshall,1
opportune,1
TupleInput#readString(char[])},1
\shared,\,1
\processed,\,1
SearchMode.BOTH_DUPS,1
considering,1
MAY_EVICT_NODE),1
criteria,1
NULL_LSN,1
enforce,1
leaving,1
<code>getBaseClass().getClassLoader()</code>,1
curren,1
foisted,1
newBytes,1
(API),1
UserTxns,1
locktype,1
\return,\,1
\System.arraycopy(entryLsnLongArray,\,1
cases,1
currentBytes,1
TupleSerialMarshalledBinding},1
OperationStatus,1
\RIGHT),\,1
dbHome,1
managed,1
nonBlockingLock,1
\cursors,\,1
logClass,1
#marshalSecondaryKey},1
scanning,1
bytes:,1
terms,1
entryLsnByteArray.length;,1
Note:,1
FindBugs,1
corrected,1
\reader,\,1
detected,1
information</h3>,1
<code>java.lang.Throwable.getCause</code>,1
\nothing,\,1
TupleOutput#writeUnsignedByte},1
btreeComparator,1
Once,1
two-phase,1
(currentEntries,1
overwritten,1
INContainingEntry,1
re:,1
PROMOTION.<br>,1
to:,1
created;,1
(it's,1
minimal,1
\sparse,\,1
\Fetch,\,1
continues,1
Tracking,1
met,1
lockManager,1
\NNNNNNNN.suffix.1,\,1
(which,1
INContainingEntry#getDbId(),1
BIN/index,1
trackDetail,1
Compresses,1
etc),1
length/end,1
metatdata,1
DBMAP,1
\now,\,1
produces,1
structure,1
\Cursor(DatabaseImpl,\,1
disabled,1
\Epoch,\,1
possibility,1
\root,\,1
conditionally,1
<li><code>Short</code></li>,1
\#objectToEntry},\,1
envHomeabsolute,1
ExceptionWrapper},1
<h3>Log,1
operationEnd(true),1
trace.</p>,1
unlike,1
#entryToObject},1
itemis,1
isDBINLatched,1
induce,1
inCompressor,1
\accounting,\,1
2:,1
\mechanism,\,1
Debug,1
TransactionStats.Active,1
0'th,1
loader;,1
refetched,1
to-be-cleaning,1
Handles,1
nextFsyncWaiters),1
DummyLockManager,1
Usually,1
specified;,1
convenience,1
isDBINLatchedis,1
numerous,1
budget.</p>,1
\succesfully,\,1
reader-writer/shared-exclusive,1
je.txn.deadlockStackTrace,1
clearing,1
programmatically,1
<code>read()</code>,1
Activates,1
TupleOutput#writeUnsignedInt},1
ForeignKeyTrigger,1
DupCountLn,1
duping,1
<code>InputStream</code>,1
\release,\,1
present.</p>,1
exiting,1
Tracks,1
com.sleepycat.bind.serial.TupleSerialMarshalledBinding,1
essentially,1
better,1
0);,1
field(s),1
taking,1
lastUsedLsnlast,1
LNInfo,1
completely,1
flexibility,1
n++),1
skipping,1
\MarshalledTupleEntry}interface,\,1
\INSERT_SUCCESS,\,1
stacktrace,1
sample,1
generally,1
Dumps,1
add(),1
SEGMENT_CAPACITY,1
root),1
(GROWTH_INCREMENT,1
255,1
pauses,1
checkpoints,1
LNLogEntry#writeToLog,1
Populate,1
dbEnvHomeenvironment,1
FileManager,1
Be,1
Txns,1
@returnnull,1
nonBlockingRequest,1
DS,1
removeFromLocker,1
INTest,1
<code>Short</code>,1
streamlined,1
Truncate,1
ByteArrayOutputStream,1
eat,1
ExceptionWrapper#getCause()},1
setCausesRestart,1
keythe,1
\config,\,1
addCheckpointedFiles(),1
tree),1
influence,1
partialLength,1
(set,1
obsoleted,1
contain:,1
codes,1
NOT,1
\System.arraycopy(entryLsnByteArray,\,1
\record),\,1
enum,1
\buf,\,1
Store,1
LoggableObject#writeToLogSerialize,1
compat,1
doubled,1
pointing,1
dumpLockTableInternal,1
entryLsnLongArray[i],1
appender,1
\getNext(),\,1
enw,1
SearchMode.BOTH,1
#createSecondaryKey},1
BIN.logInternal,1
<code>Byte</code>,1
(BINs,1
invocations,1
Cursor.position(),1
fresh,1
Test,1
preconditions,1
EnvironmentMutableConfig.checkImmutablePropsForEquality(),1
stat,1
dbImpl,1
\requiredEvictBytes,\,1
TupleInput#readUnsignedByte},1
Thread.toString(),1
overrides,1
\point,\,1
parameter:,1
Index,1
0:,1
rule,1
nameLockeris,1
\splittable,\,1
TupleOutput#writeUnsignedShort},1
among,1
et,1
\particular,\,1
Can,1
compareTo,1
#read(),1
issued,1
Standard,1
output's,1
<code>DataInput</code>-like,1
LSN's,1
10),1
\index,\,1
<code>write(byte[])<code>,1
mainKeykey,1
DINS,1
Exit,1
<code>Class</code>,1
\waiterList,\,1
LNs/DBs,1
<code>Boolean</code>,1
\own,\,1
maxKey,1
\BINd,\,1
update_adler32(unsigned,1
TupleBinding#getPrimitiveBinding},1
non-txnal,1
Parade,1
Cleaner,1
standalone,1
FileSummaryLN.writeToLog,1
adjacent,1
BINx,1
includes,1
Increase,1
TupleInput#readShort},1
firstif,1
<code>Character</code>,1
void,1
indicating,1
Compares,1
logManagerthe,1
cheaper,1
\#objectToData(Object,TupleOutput)}\,1
putNoNotify(),1
govern,1
budget.</li>,1
prevents,1
locationa,1
cheapest,1
mainKey,1
occured),1
\expensive,\,1
isProvisionaltrue,1
non-null),1
(POSIX),1
media,1
LogManager#getUnflusableTrackedSummary,1
externally,1
inexact,1
<li>This,1
finishes,1
integers:,1
displayed,1
redundantly,1
appended,1
merely,1
API,1
routine,1
\(key,\,1
collects,1
ascending,1
\utility,\,1
<li><code>Double</code></li>,1
DB-JE,1
blocked,1
\BINDeltas,\,1
inconsistent,1
addPendingLNs,1
Within,1
replay,1
TupleInput#readInt},1
deletions,1
\system,\,1
readLatch,1
20),1
hot,1
<code>read(byte[])<code>,1
or'ed,1
rare,1
deadlocks,1
quantities,1
\NameLN,\,1
overriding,1
normal,1
LogReadable,1
65536,1
recreating,1
encapsulate,1
FileReader,1
prime,1
\datum,\,1
inMemoryINsthe,1
Look,1
Configure,1
cursorthe,1
\be,\,1
Abort,1
\(meaning,\,1
routines,1
inlist,1
<code>Double.doubleToLongBits</code>,1
TupleOutput#writeByte},1
abortKnownDeleted,1
BOTH_RANGE,1
sleep,1
getConfig().getTransactional(),1
running:,1
Performs,1
intended,1
datum,1
(s1,1
\TupleOutput}instance,\,1
name->database,1
primary's,1
\lockType,\,1
(corrupt,1
performed;,1
INs),1
Cursor.retrieveNext,1
observers,1
Convenience,1
firstActiveLsn,1
grouped,1
promotion),1
Releasing,1
invokingSourcea,1
stress,1
[#13354],1
I,1
requests,1
\backwards,\,1
responsiblity,1
linked,1
forget,1
adjustments,1
\<code>write(byte[],int,int)<code>\,1
\#write(byte[],int,int)\,1
Enforce,1
bytesNeeded),1
IN#writeToLog,1
INFileReader,1
IN#getLogSize,1
TupleInput#readUnsignedInt},1
conforms,1
dbtree,1
Depending,1
1:</p>,1
evicts,1
TupleTupleMarshalledBinding},1
head,1
explanatory,1
read/write,1
bitwise,1
Compressor,1
non,1
Assume,1
-------------+-------------+----------------------------------------,1
Parses,1
\PutMode,\,1
weight,1
asserts,1
LogEntryType,1
algorithm,1
IN#getLogType,1
ByteArrayInputStream,1
newLock,1
defaultValue,1
hooks,1
[#11243],1
<p>Unlike,1
computing,1
\property,\,1
Ctor,1
notifying,1
\finished,\,1
TupleInput#readLong},1
releaseAndFindNotifyTargets,1
worth,1
stored/packed,1
Cover,1
timeoutmilliseconds,1
\deletion,\,1
endOfFileLsnindicates,1
requireExactMatch,1
discard,1
4-,1
dbthe,1
'bin',1
Numbed,1
specially,1
applicable,1
forwards,1
detection,1
generate,1
worry,1
vanilla,1
<code>ObjectOutputStream</code>,1
<code>Float.intBitsToFloat</code>,1
NNNNNNNN,1
mimimal,1
<code>write(int)<code>,1
Try,1
isByteLen,1
i+1,1
RFC,1
chain,1
Lazily,1
Reference,1
LogManager#getUnflushableTrackedSummary,1
\do,\,1
driving,1
100),1
excluding,1
\far,\,1
\setFileNumberOffset(i,\,1
id-db,1
\BINDelta,\,1
\error,\,1
\practice,\,1
fysnc,1
<code>Thread.currentThread().getContextClassLoader()</code>,1
allowNesting=true,1
MAY_NOT_EVICT,1
EnvironmentParams#CLEANER_RMW_FIX,1
closing,1
activity,1
TupleOutput#writeDouble},1
permitted,1
valued,1
\totals,\,1
boundary,1
partialOffset,1
unsynchronized,1
compatibility,1
indexKeyBindingis,1
oldNodeLsnis,1
\Locker,\,1
DatabaseImpls,1
TxnNodeId,1
searchAndPosition,1
java.io.ObjectStreamClass,1
LNFileReader,1
indentation,1
spot,1
Environment.getDefaultTxnConfig(),1
version's,1
services,1
pruned,1
nodeLadderList,1
\datum),\,1
\stats,\,1
Overriden,1
mininum,1
Packs,1
sized,1
MAY_EVICT_NODE,1
whine,1
items,1
\WAIT_RESTART,\,1
atomically,1
locker;,1
0;,1
non-deleted,1
duplicate-duplicates,1
Deserialize,1
locker),1
safety.</li>,1
anew,1
\provisional,\,1
predefined,1
<li><code>Integer</code></li>,1
budgeted,1
stopping,1
Downgrade,1
type),1
afterward,1
dupe,1
options,1
\update_adler32(1L,\,1
#getPrimitiveBinding},1
Two,1
Holder,1
Embodies,1
indexKeyClassis,1
(TrackedFileSummary),1
<code>Throwable.getCause()</code>,1
\long's,\,1
attributes,1
examined,1
foward,1
\subtypes,\,1
Delta,1
implementing,1
\Logger,\,1
dynamic,1
invoke,1
expect,1
#getClassFormat(byte[])},1
<code>TupleInput</code>,1
300),1
few,1
Run,1
inadvertently,1
\state,\,1
including),1
maxBytes,1
shifting,1
>,1
EnvironmentConfig.setCheckpointUP(),1
formats,1
front,1
w/out,1
Undeclared,1
<code>TupleTupleBinding</code>,1
record:,1
wakeups,1
resources,1
Sequence,1
dataon,1
opt,1
\starts,\,1
FileSummaryLN#postFetchInit,1
exception.<br>,1
\locking,\,1
\ObjectOutputStream},\,1
dupIndex,1
\done,\,1
BIN#readFromLog,1
\enabled,\,1
<code>Serializable</code>,1
(because,1
FastOutputStream},1
equal.</p>,1
NullPointerException,1
Stores,1
\"\end\,1
waking,1
cursorpoints,1
saving,1
\profile,\,1
currentTxn,1
struct,1
growth,1
\closed,\,1
writers,1
recordNumberthe,1
(see,1
\evicted,\,1
structures,1
\front,\,1
not.<br>,1
Txn-based,1
reasons:,1
Todo:,1
clients,1
canFetchif,1
dumping,1
logLSN,1
#unmarshalEntry},1
storable,1
Both,1
\maxKey,\,1
logUpdate,1
Numbers,1
Indexes,1
\Alas,\,1
growing,1
\ChildReference,\,1
often,1
EnvironmentConfig.setCreateUP(),1
\length,\,1
fileNum,1
Migration,1
(The,1
earliest,1
found),1
OffsetList,1
console,1
foundKeyDatabaseEntry,1
primaryKeyClassis,1
field-by-field,1
(run/pause/shutdown/etc),1
checkCursorState,1
Transaction.getLocker(),1
ladder,1
cleanup,1
generates,1
primitives,1
LoggableObject#marshallOutsideWriteLatch,1
stripped;,1
TupleOutput#writeFloat},1
currentFileNum,1
\moment,\,1
interface),1
reducing,1
BYTES_PER_LSN_ENTRY),1
read/verified,1
first/last,1
Necessary,1
far,1
lot,1
becomes,1
isLocked,1
overhead.</li>,1
depend,1
deleteNoNotify(),1
\#createSecondaryKey(TupleInput,Object,TupleOutput)}\,1
\away,\,1
rewriting,1
Merges,1
\or,\,1
\#objectToEntry(Object,TupleOutput)}\,1
display,1
sizeis,1
\outstanding,\,1
minor,1
nameLN,1
keeps,1
two-part,1
SplitInfos,1
Fetch,1
Edition,1
participating,1
targeted,1
collectDatais,1
DbTree,1
(For,1
je.cleaner.byteInterval,1
lives,1
DbLsn.NULL_LSN;,1
identical,1
MBean,1
DbRecover,1
<<,1
respectively,1
checksummed,1
FileHeader,1
SerialBinding},1
calcuation,1
dupKeykey,1
operationOk,1
InputStream},1
i++),1
\child,\,1
overriden,1
\safe-to-delete,\,1
spite,1
cksum,1
Searches,1
below),1
\pending,\,1
offsetis,1
chunks,1
Abstract,1
TupleInput#readByte},1
\debugging,\,1
\"\0"\\,1
Stop,1
hook,1
<code>StoredClassCatalog</code>,1
members,1
StatsFileReader,1
<li>Memory,1
others,1
lookups,1
Leave,1
\small,\,1
(increment,1
quiesent,1
\cloning,\,1
cycle,1
shown,1
fail,1
printable,1
transferMultiple,1
itemSizeWe,1
longs),1
\ObjectInputStream},\,1
tuple;,1
multi-value,1
FirstOwner,1
non-conflicting,1
(are,1
\set),\,1
offset),1
\"\0"\,\,1
(n,1
typeThe,1
precise,1
MacOS,1
INa/INb/index,1
lines,1
\non-transactional,\,1
allowDuplicateswhether,1
migrates,1
leaves,1
thus,1
\aborted,\,1
grand,1
\LockInfo,\,1
\String,\,1
SecondaryDatabase.cursor();,1
level2,1
\IOExceptions,\,1
dups,1
subsequently,1
\uninitialized,\,1
len;,1
finishLsn,1
heavier,1
evicted;,1
<code>Database</code>,1
redundant,1
Demote,1
\trees,\,1
dclRefis,1
\character,\,1
it;,1
environments,1
nextAvailableLsnLSN,1
TupleInput#readUnsignedShort},1
#objectToKey(Object)},1
\adler,\,1
dip,1
incorrect,1
belonging,1
inherent,1
DatabaseConfig.setUseExistingConfig(),1
\request,\,1
LockManager,1
(there,1
\mapLN,\,1
Empty,1
logLsnLSN,1
buf[n]),1
\string,\,1
TupleOutput#writeLong},1
\deletions,\,1
w/abort,1
Ids,1
\chain,\,1
\1,\,1
Active,1
\Exception,\,1
Indicate,1
search(),1
BIN.compress,1
flushAllif,1
\"\-jar\,1
Scan,1
List,1
\updated,\,1
<code>Float.floatToIntBits</code>,1
rest,1
to),1
Miscellaneous,1
\daemon,\,1
\efficiency,\,1
Cursor.putInternal(),1
\in,\,1
assertion,1
SerialBinding,1
lns,1
renamed,1
TupleInput#readString(int)},1
LNLogEntry#dumpEntry,1
segregated,1
\truncate,\,1
\space,\,1
\deadlock,\,1
stage,1
array.</p>,1
\milliseconds,\,1
\flush,\,1
lack,1
TreeStats,1
important,1
batch,1
per-handle,1
dupRoot,1
(range),1
method.</p>,1
definitions,1
prospective,1
cases:,1
Unit,1
assigning,1
getCurrent),1
Revert,1
say,1
rebuildINList,1
decrement,1
CheckpointEnd,1
position(),1
foundKey,1
Database.invalidate(),1
SerialInput}to,1
#getUpgrade,1
getChildEvictionType,1
Skip,1
Long.MAX_VALUE,1
true.</p>,1
example:,1
EXISTING.<br>,1
FF,1
\<code>read(byte[],int,int)<code>\,1
LoggableObject,1
[#8984]:,1
additions,1
resets,1
envHome,1
dynamically,1
establish,1
(a,1
Enviroment,1
\(10,000,000\,1
remaining,1
microsecond,1
maintains,1
conflicting,1
again,1
amortize,1
[#13061],1
Extend,1
Put,1
hiearchy,1
\seldom,\,1
booleans,1
orig.majorLatch,1
DBT,1
unsuccessful,1
(even,1
classLoaderis,1
databaseImpls,1
Various,1
DataOutput,1
retainNonTxnLocksis,1
representing,1
firstException,1
envImpl,1
topped,1
dest,1
executing,1
din,1
\entry),\,1
builtin,1
0th,1
keyClassis,1
overwrite,1
maxBatchFiles,1
already),1
idKeythe,1
undo),1
consistent,1
event,1
afterwards,1
1st,1
RANGE_READ,1
getWriteOwnerLocker,1
null.</p>,1
leftover,1
transform,1
#define,1
CheckpointFileReader,1
suspect,1
\DBINs,\,1
retaining,1
indexis,1
<code>Float</code>,1
headed,1
\99,999,999)\,1
right),1
Cursor.retrieveNext(),1
Linux,1
\begun,\,1
\(String,\,1
DatabaseConfig.match(DatabaseConfig(),1
easy,1
calculation,1
\anyway,\,1
percentage,1
s1;,1
\speed,\,1
\splits,\,1
With,1
tradeoff,1
OutputStream},1
inList,1
by-product,1
releaseTriggerListWriteLock(),1
TupleInput#TupleInput(TupleOutput)},1
suitable,1
Arrange,1
thread),1
TupleInput#readDouble},1
instance.</p>,1
allocating,1
newEntries,1
step,1
physical,1
matched,1
+=,1
fetching;,1
we'll,1
\delete,\,1
follow;,1
DBINS,1
\processing,\,1
TupleOutput#writeBoolean},1
\header,\,1
TupleOutput#writeString(String)},1
DupDeletedLNEntry,1
releasing/retaking,1
followed,1
piecing,1
calcLowUtilizationFiles,1
shelter,1
2.0.x,1
AutoCommit,1
sequence},1
extending,1
dinis,1
\abort,\,1
\hand,\,1
Dirty,1
TupleOutput#writeChar},1
Node.postFetchInit,1
largest,1
Bug,1
DatabaseExceptionon,1
safely,1
currentFileNumthe,1
by:,1
verification,1
java.util.BitSet,1
data.{@link,1
<code>readFast()</code>,1
thefile,1
accessible,1
(suspected,1
findEntry(),1
getXXX(),1
flushRequiredif,1
tree's,1
\"\true"\\,1
cursor;,1
thereby,1
exist;,1
this:,1
INDeleteInfo,1
containsLsn(),1
Steps,1
childNode,1
Such,1
Null,1
change;,1
LogWritable,1
secondaryTrigger,1
configName,1
freshly,1
getNextWithKeyChangeStatus,1
\portion,\,1
Available,1
\"\K1"\,\,1
EnvironmentMutableConfig.cloneMutableConfig(),1
searchDupTreetrue,1
binRootparent,1
\LockGrantType.EXISTING,\,1
DeltaInfo,1
rollForwardLsnstart,1
theory,1
8984,1
size),1
java.util.zip.Adler32,1
NNNNNNNN.suffix,1
currentEntries,1
Attempt,1
BINDeltaLogEntry,1
\BasicLocker,\,1
currentEntries);,1
\hook,\,1
mark/pos,1
proceed,1
Object.hashCode(),1
handling,1
user's,1
RunRecoveryExceptionif,1
DBINs),1
keyto,1
\secondaries,\,1
<li>Segements,1
<code>java.io.ObjectInputStream.resolveClass</code>,1
operationEnd,1
#read(byte[]),1
databasean,1
logManager,1
dirties,1
Utilities,1
cache;,1
Unlike,1
\20,\,1
dups),1
bytes[7],1
\failure,\,1
CleanerFileReader,1
Server,1
s1),1
farthest,1
\large,\,1
denied.</p>,1
\respects,\,1
EnvironmentConfig.getCheckpointUP(),1
wack,1
LogReadable#isTransactional,1
execution,1
EnvironmentMutableConfig.validateParams,1
<li><code>Float</code></li>,1
#getTrackedFiles,1
finish,1
(INe),1
specify,1
allowDeltasif,1
tree;,1
left/right,1
DELETE,1
binRefis,1
couldn't,1
MUST,1
abstraction,1
TrackedFileSummary.setAllowFlush(true),1
\reached,\,1
Subclasses,1
databaseid,1
Default,1
releaseTriggerListReadLock(),1
currentEntries;,1
acquireTriggerListReadLock(),1
outis,1
\NEW,\,1
\DINs,\,1
only;,1
iterate,1
shallow,1
grow,1
pause,1
transparent,1
pre-existing,1
tryLock,1
sequences,1
questionable,1
doFetchif,1
firstWaiterInLine,1
handle's,1
recursion,1
\optionally,\,1
\descriptor,\,1
acquireShared(),1
rendering,1
\pair,\,1
initializes,1
focuses,1
abort(),1
Many,1
alreadyLatchedif,1
variable,1
Notify,1
classIDThe,1
LoggableObject#marshallOutsideWriteLatchFileSummaryLNs,1
\exception,\,1
holds:,1
Didn't,1
(only,1
indexslot,1
\forward,\,1
UtilizationTracker,1
mainKeythe,1
<code>Number</code>,1
protection,1
(as,1
maps,1
increased,1
merge,1
our's,1
synchronizing,1
newBytes;,1
seconds,1
discriminator,1
exactly,1
EnvironmentParam.LOG_FSYNC_TIMEOUT,1
fullBufferbuffer,1
fires,1
act,1
\lock(),\,1
sequence:,1
NOTFOUND,1
je.cleaner.forceCleanFiles,1
TupleInput#readBoolean},1
Fault,1
parallel,1
Rollback,1
Btree,1
Requests,1
byte[]'s,1
Id,1
lazyCompress,1
thing,1
comprised,1
Command,1
inconsistency,1
RuntimeException,1
Select,1
last),1
saved,1
doWork,1
\out,\,1
parentfor,1
PROMOTION,1
EventTrace.addEvent();,1
com.sleepycat.je.cleaner.UtilizationProfile,1
DatabaseIds,1
Tuple,1
nnnnnnnn.suffix,1
\TupleInput},\,1
optimal,1
downward,1
smaller,1
IN#readFromLog,1
threads;,1
chose,1
concurrency.</p>,1
nextKeyCursor,1
EXACT_DATA),1
assert-based,1
LatchedLockManager,1
isOwner,1
programatically),1
begun,1
entryLsnLongArray.length;,1
\NORMAL,\,1
end-of-log,1
\#read(byte[],int,int)\,1
duration,1
\Environment.truncateDatabase,\,1
CheckpointStart,1
subtypes,1
Uninitialized,1
example,1
lockerThe,1
faster,1
maybeAdjustCapacity(int,1
fileNumwhich,1
typically,1
\#createSecondaryKey(Object,Object)}\,1
INd/INe/index,1
Cursor.getCursorImpl(),1
\offsets,\,1
simultaneously,1
bytesWritten,1
\"\dumpCorruptedBounds"\\,1
LNLogEntry#readEntry,1
Singleton,1
\version,\,1
retrieveNext(),1
non-leader,1
retrieve,1
recalculate,1
traversing,1
Object.clone(),1
retainNonTxnLocks=true,1
deamon,1
endOfFileLsn,1
sizeAdded,1
appropriately,1
\detail,\,1
\setFileOffset(i,\,1
shares,1
filenum,1
Subclass,1
\delta,\,1
unpauses,1
That,1
BYTES_PER_LSN_ENTRY;,1
tells,1
turn,1
indication,1
document,1
MarshalledTupleKeyEntity,1
clauses,1
batches,1
childIndex,1
CursorImpl,1
pointed,1
\0x,\,1
InFromLog,1
Operation,1
because:,1
\conversion,\,1
[12932],1
Environment.getDbEnvironment,1
okay,1
forces,1
DbCursorTest,1
childLsnis,1
migrateFlagis,1
\selected,\,1
release();,1
Presently,1
recovery.</p>,1
PrintFileReader,1
LatchSupport.latchTable,1
larger,1
beginRead,1
copying,1
Testing,1
below:,1
prevOffsetvalue,1
AutoTxn),1
recreate,1
\"\parent"\\,1
\success,\,1
perusing,1
cascade,1
truncated,1
(LSNs),1
Latching,1
candidates,1
\'this',\,1
\side,\,1
fileSelector,1
(currentBytes,1
getBestFileForCleaning,1
(getEvictionType(),1
<li><code>String</code></li>,1
automatically),1
Implementations,1
fileSummaryMap),1
pass-through,1
LockerFactory.getReadableLocker,1
\soon,\,1
getUpgrade,1
selection,1
preload,1
detach,1
\BOTH_RANGE,\,1
\later,\,1
thread-based,1
acquireTriggerListWriteLock(),1
Setting,1
wasted,1
Also,1
(adler,1
(ordinary,1
Obtained,1
destBufferdestination,1
commit(),1
Apart,1
oldOwner,1
<li><code>Byte</code></li>,1
DBINs,1
inclusive,1
publishing,1
assignment,1
Solaris,1
Remember,1
ignore,1
Was,1
Advance,1
hit,1
\made,\,1
minUtilization,1
Makes,1
fetches,1
log),1
negated,1
Redo,1
\on,\,1
positive,1
started;,1
print,1
generating,1
EnvironmentConfig.cloneConfig(),1
[#13158],1
Checks,1
\read/writeByteArray(),\,1
1:,1
no-op,1
treeLsnis,1
\deleteAndReleaseINs,\,1
primaryKeyis,1
\INList,\,1
\Runtime.maxMemory(),\,1
nonBlockingRequestif,1
Exceptions,1
Object.wait(0),1
SearchMode.SET,1
reasons,1
headers,1
reserved,1
priority,1
2^16,1
secondaries,1
fault,1
Serial,1
\optimimal,\,1
status;,1
